<?xml version="1.0"?>
<!DOCTYPE COrnLathe PUBLIC "-//IDN billooms.com//DTD COrnLathe file format 3.0//EN" "http://www.billooms.com/dtds/cornlathe3.dtd">
<COrnLathe version='3.0'>
  <Controls active='NORMAL'>
    <FeedRate rpm='3.00' velocity='4.00'/>
    <CoarseFine  passDepth='0.0250' passStep='5' lastDepth='0.0050' lastStep='2' rotation='NEG_LAST'/>
  </Controls>
  <Cutters>
    <Cutter name='HCF1' displayName='HCF with R=0.512' frame='HCF' location='FRONT_OUTSIDE' profile='POINT60' tipWidth='0.1875' radius='0.500'/>
  </Cutters>
  <Outline dotLocation='FRONT_OUTSIDE' thickness='0.100' resolution='0.010' color='rgb(186, 99, 18)'>
    <Pt x='2.0000' y='-1.5002'/>
    <Pt x='1.0000' y='-0.7002'/>
    <Pt x='0.0000' y='-0.5002'/>
  </Outline>
  <CutPoints>
    <OffsetGroup n='0' repeat='3' indexOffset='0'>
      <Pt x='1.2002' z='-0.2420'/>
      <RosettePoint n='0' cutter='HCF1' depth='0.0500' motion='TANGENT'>
        <Pt x='1.4163' z='-0.3461'/>
        <Rosette pattern='SINE' repeat='6' amp='0.200' phase='0.0'/>
      </RosettePoint>
      <RosettePoint n='0' cutter='HCF1' depth='0.0500' motion='TANGENT'>
        <Pt x='1.8197' z='-0.6049'/>
        <Rosette pattern='SINE' repeat='6' amp='0.200' phase='0.0'/>
      </RosettePoint>
    </OffsetGroup>
  </CutPoints>
</COrnLathe>
