<?xml version="1.0"?>
<!DOCTYPE COrnLathe PUBLIC "-//IDN billooms.com//DTD COrnLathe file format 3.0//EN" "http://www.billooms.com/dtds/cornlathe3.dtd">
<COrnLathe version='3.0'>
  <Controls active='NORMAL'>
    <FeedRate rpm='3.00' velocity='4.00'/>
    <CoarseFine  passDepth='0.0250' passStep='5' lastDepth='0.0050' lastStep='1' rotation='NEG_LAST'/>
  </Controls>
  <Cutters>
    <Cutter name='SQUARE' displayName='Square chisel' frame='Drill' location='FRONT_INSIDE' profile='FLAT' tipWidth='0.0500' ucfAngle='0.0'/>
  </Cutters>
  <Outline dotLocation='FRONT_INSIDE' thickness='0.100' resolution='0.005' color='rgb(186, 99, 18)'>
    <Pt x='0.0000' y='0.0000'/>
    <Pt x='1.0000' y='0.0000'/>
  </Outline>
  <CutPoints>
    <PiercePoint n='0' cutter='SQUARE' depth='0.0500' direction='MOVE_Z'>
      <Pt x='0.1200' z='0.0000'/>
    </PiercePoint>
    <PiercePoint n='1' cutter='SQUARE' depth='0.0500' direction='MOVE_Z'>
      <Pt x='0.2200' z='0.0000'/>
    </PiercePoint>
    <PiercePoint n='2' cutter='SQUARE' depth='0.0500' direction='MOVE_Z'>
      <Pt x='0.3200' z='0.0000'/>
    </PiercePoint>
    <PiercePoint n='3' cutter='SQUARE' depth='0.0500' direction='MOVE_Z'>
      <Pt x='0.4200' z='0.0000'/>
    </PiercePoint>
    <PiercePoint n='4' cutter='SQUARE' depth='0.0500' direction='MOVE_Z'>
      <Pt x='0.5200' z='0.0000'/>
    </PiercePoint>
  </CutPoints>
</COrnLathe>
