<?xml version="1.0"?>
<!DOCTYPE COrnLathe PUBLIC "-//IDN billooms.com//DTD COrnLathe file format 3.0//EN" "http://www.billooms.com/dtds/cornlathe3.dtd">
<COrnLathe version='3.0'>
  <Controls active='NORMAL'>
    <FeedRate rpm='3.00' velocity='4.00'/>
    <CoarseFine  passDepth='0.0250' passStep='5' lastDepth='0.0050' lastStep='1' rotation='NEG_LAST'/>
  </Controls>
  <Cutters>
    <Cutter name='HCF1' displayName='HCF with R=0.512' frame='Drill' location='FRONT_OUTSIDE' profile='FLAT' tipWidth='0.1875' ucfAngle='90.0'/>
  </Cutters>
  <Outline dotLocation='FRONT_OUTSIDE' thickness='0.100' resolution='0.020' color='rgb(186, 99, 18)'>
    <Pt x='1.0000' y='0.0000'/>
    <Pt x='1.0000' y='2.0000'/>
  </Outline>
  <CutPoints>
    <SpiralIndex n='0' endDepth='0.0500'>
      <Pt x='1.0000' z='1.9000'/>
      <IndexPoint n='0' cutter='HCF1' depth='0.0500' direction='INDEX_CURVE' repeat='5' phase='90.0'>
        <Pt x='1.0000' z='0.1000'/>
      </IndexPoint>
      <Spiral style='UNIFORMD' twist='90.00'/>
      <GoToPoint n='0'>
        <Pt x='1.1924' z='1.7290'/>
      </GoToPoint>
      <GoToPoint n='0'>
        <Pt x='1.1843' z='0.2412'/>
      </GoToPoint>
    </SpiralIndex>
  </CutPoints>
</COrnLathe>
