<?xml version="1.0" encoding="UTF-8"?><module codename="org.apache.xml.resolver">
    <module_version install_time="1473840592466" last="true" origin="installer" specification_version="1.31.1.12">
        <file crc="3464639154" name="config/Modules/org-apache-xml-resolver.xml"/>
        <file crc="1003973320" name="modules/ext/resolver-1.2.jar"/>
        <file crc="1750126533" name="modules/locale/org-apache-xml-resolver_ja.jar"/>
        <file crc="2945553179" name="modules/locale/org-apache-xml-resolver_pt_BR.jar"/>
        <file crc="1166098173" name="modules/locale/org-apache-xml-resolver_ru.jar"/>
        <file crc="3041172192" name="modules/locale/org-apache-xml-resolver_zh_CN.jar"/>
        <file crc="50798548" name="modules/org-apache-xml-resolver.jar"/>
    </module_version>
</module>
