<?xml version="1.0" encoding="UTF-8"?><module codename="org.netbeans.modules.editor.codetemplates/1">
    <module_version install_time="1473840576416" last="true" origin="installer" specification_version="1.43.1.1">
        <file crc="315605031" name="config/Modules/org-netbeans-modules-editor-codetemplates.xml"/>
        <file crc="350023857" name="modules/locale/org-netbeans-modules-editor-codetemplates_ja.jar"/>
        <file crc="808010260" name="modules/locale/org-netbeans-modules-editor-codetemplates_pt_BR.jar"/>
        <file crc="2403775099" name="modules/locale/org-netbeans-modules-editor-codetemplates_ru.jar"/>
        <file crc="3415983704" name="modules/locale/org-netbeans-modules-editor-codetemplates_zh_CN.jar"/>
        <file crc="2173908198" name="modules/org-netbeans-modules-editor-codetemplates.jar"/>
    </module_version>
</module>
