<?xml version="1.0" encoding="UTF-8" standalone="no"?>
<module codename="org.netbeans.modules.terminal">
    <module_version install_time="1473840609582" last="false" origin="installer" specification_version="1.27.1">
        <file crc="4156507734" name="config/Modules/org-netbeans-modules-terminal.xml"/>
        <file crc="2308902715" name="modules/locale/org-netbeans-modules-terminal_ja.jar"/>
        <file crc="908878365" name="modules/locale/org-netbeans-modules-terminal_pt_BR.jar"/>
        <file crc="3495415818" name="modules/locale/org-netbeans-modules-terminal_ru.jar"/>
        <file crc="2774997524" name="modules/locale/org-netbeans-modules-terminal_zh_CN.jar"/>
        <file crc="3428122582" name="modules/org-netbeans-modules-terminal.jar"/>
    </module_version>
    <module_version install_time="1589918245475" last="true" origin="NetBeans Distribution" specification_version="1.27.3">
        <file crc="4156507734" name="config/Modules/org-netbeans-modules-terminal.xml"/>
        <file crc="1027486332" name="modules/locale/org-netbeans-modules-terminal_ja.jar"/>
        <file crc="3207347856" name="modules/locale/org-netbeans-modules-terminal_pt_BR.jar"/>
        <file crc="1982640496" name="modules/locale/org-netbeans-modules-terminal_ru.jar"/>
        <file crc="3496423969" name="modules/locale/org-netbeans-modules-terminal_zh_CN.jar"/>
        <file crc="2091869762" name="modules/org-netbeans-modules-terminal.jar"/>
    </module_version>
</module>
