<?xml version="1.0" encoding="UTF-8"?><module codename="org.netbeans.modules.xml.xam/1">
    <module_version install_time="1473840678943" last="true" origin="installer" specification_version="1.32.1.1">
        <file crc="2361317231" name="config/Modules/org-netbeans-modules-xml-xam.xml"/>
        <file crc="3828652847" name="modules/locale/org-netbeans-modules-xml-xam_ja.jar"/>
        <file crc="1769186448" name="modules/locale/org-netbeans-modules-xml-xam_pt_BR.jar"/>
        <file crc="3059689307" name="modules/locale/org-netbeans-modules-xml-xam_ru.jar"/>
        <file crc="963102921" name="modules/locale/org-netbeans-modules-xml-xam_zh_CN.jar"/>
        <file crc="1880010594" name="modules/org-netbeans-modules-xml-xam.jar"/>
    </module_version>
</module>
