<?xml version="1.0" encoding="UTF-8"?><module codename="org.netbeans.modules.xml.catalog.ui">
    <module_version install_time="1473840684774" last="true" origin="installer" specification_version="2.3.1.4">
        <file crc="503674577" name="config/Modules/org-netbeans-modules-xml-catalog-ui.xml"/>
        <file crc="2087528904" name="modules/locale/org-netbeans-modules-xml-catalog-ui_ja.jar"/>
        <file crc="1617539940" name="modules/locale/org-netbeans-modules-xml-catalog-ui_pt_BR.jar"/>
        <file crc="2858579338" name="modules/locale/org-netbeans-modules-xml-catalog-ui_ru.jar"/>
        <file crc="639053640" name="modules/locale/org-netbeans-modules-xml-catalog-ui_zh_CN.jar"/>
        <file crc="1280264056" name="modules/org-netbeans-modules-xml-catalog-ui.jar"/>
    </module_version>
</module>
