<?xml version="1.0" encoding="UTF-8"?><module codename="org.netbeans.modules.csl.types/1">
    <module_version install_time="1473840574507" last="true" origin="installer" specification_version="1.0.1">
        <file crc="1730004304" name="config/Modules/org-netbeans-modules-csl-types.xml"/>
        <file crc="390204963" name="modules/locale/org-netbeans-modules-csl-types_ja.jar"/>
        <file crc="370317559" name="modules/locale/org-netbeans-modules-csl-types_pt_BR.jar"/>
        <file crc="1001919106" name="modules/locale/org-netbeans-modules-csl-types_ru.jar"/>
        <file crc="2505549653" name="modules/locale/org-netbeans-modules-csl-types_zh_CN.jar"/>
        <file crc="1377467311" name="modules/org-netbeans-modules-csl-types.jar"/>
    </module_version>
</module>
