<?xml version="1.0" encoding="UTF-8" standalone="no"?>
<module codename="org.netbeans.modules.editor.lib2/1">
    <module_version install_time="1473840548711" last="false" origin="installer" specification_version="2.16.1.55.3">
        <file crc="984784746" name="config/ModuleAutoDeps/org-netbeans-modules-editor-lib2.xml"/>
        <file crc="1027150669" name="config/Modules/org-netbeans-modules-editor-lib2.xml"/>
        <file crc="951134340" name="modules/locale/org-netbeans-modules-editor-lib2_ja.jar"/>
        <file crc="2023457537" name="modules/locale/org-netbeans-modules-editor-lib2_pt_BR.jar"/>
        <file crc="3918145440" name="modules/locale/org-netbeans-modules-editor-lib2_ru.jar"/>
        <file crc="243994898" name="modules/locale/org-netbeans-modules-editor-lib2_zh_CN.jar"/>
        <file crc="2663104259" name="modules/org-netbeans-modules-editor-lib2.jar"/>
    </module_version>
    <module_version install_time="1589918246217" last="true" origin="NetBeans Distribution" specification_version="2.16.3.56.3">
        <file crc="984784746" name="config/ModuleAutoDeps/org-netbeans-modules-editor-lib2.xml"/>
        <file crc="1027150669" name="config/Modules/org-netbeans-modules-editor-lib2.xml"/>
        <file crc="4099094591" name="modules/locale/org-netbeans-modules-editor-lib2_ja.jar"/>
        <file crc="3457656088" name="modules/locale/org-netbeans-modules-editor-lib2_pt_BR.jar"/>
        <file crc="557132474" name="modules/locale/org-netbeans-modules-editor-lib2_ru.jar"/>
        <file crc="761745329" name="modules/locale/org-netbeans-modules-editor-lib2_zh_CN.jar"/>
        <file crc="3751643752" name="modules/org-netbeans-modules-editor-lib2.jar"/>
    </module_version>
</module>
