<?xml version="1.0" encoding="UTF-8"?><module codename="org.netbeans.modules.editor.breadcrumbs/0">
    <module_version install_time="1473840574935" last="true" origin="installer" specification_version="1.17.1">
        <file crc="1320881006" name="config/Modules/org-netbeans-modules-editor-breadcrumbs.xml"/>
        <file crc="330968129" name="modules/locale/org-netbeans-modules-editor-breadcrumbs_ja.jar"/>
        <file crc="2544372698" name="modules/locale/org-netbeans-modules-editor-breadcrumbs_pt_BR.jar"/>
        <file crc="3233776322" name="modules/locale/org-netbeans-modules-editor-breadcrumbs_ru.jar"/>
        <file crc="2734462247" name="modules/locale/org-netbeans-modules-editor-breadcrumbs_zh_CN.jar"/>
        <file crc="3835488263" name="modules/org-netbeans-modules-editor-breadcrumbs.jar"/>
    </module_version>
</module>
