<?xml version="1.0" encoding="UTF-8"?><module codename="org.netbeans.modules.web.indent">
    <module_version install_time="1473840590200" last="true" origin="installer" specification_version="1.20.1">
        <file crc="3344998336" name="config/Modules/org-netbeans-modules-web-indent.xml"/>
        <file crc="1833563502" name="modules/locale/org-netbeans-modules-web-indent_ja.jar"/>
        <file crc="4159098624" name="modules/locale/org-netbeans-modules-web-indent_pt_BR.jar"/>
        <file crc="3752849798" name="modules/locale/org-netbeans-modules-web-indent_ru.jar"/>
        <file crc="1247186186" name="modules/locale/org-netbeans-modules-web-indent_zh_CN.jar"/>
        <file crc="813705525" name="modules/org-netbeans-modules-web-indent.jar"/>
    </module_version>
</module>
