<?xml version="1.0" encoding="UTF-8" standalone="no"?>
<module codename="org.netbeans.spi.editor.hints/0">
    <module_version install_time="1473840570079" last="false" origin="installer" specification_version="1.40.1.7.55">
        <file crc="2723969626" name="config/Modules/org-netbeans-spi-editor-hints.xml"/>
        <file crc="358245252" name="modules/locale/org-netbeans-spi-editor-hints_ja.jar"/>
        <file crc="3473068630" name="modules/locale/org-netbeans-spi-editor-hints_pt_BR.jar"/>
        <file crc="2028438789" name="modules/locale/org-netbeans-spi-editor-hints_ru.jar"/>
        <file crc="833425384" name="modules/locale/org-netbeans-spi-editor-hints_zh_CN.jar"/>
        <file crc="3315394037" name="modules/org-netbeans-spi-editor-hints.jar"/>
    </module_version>
    <module_version install_time="1589918245116" last="true" origin="NetBeans Distribution" specification_version="1.40.1.7.56">
        <file crc="2723969626" name="config/Modules/org-netbeans-spi-editor-hints.xml"/>
        <file crc="3351377883" name="modules/locale/org-netbeans-spi-editor-hints_ja.jar"/>
        <file crc="3544563743" name="modules/locale/org-netbeans-spi-editor-hints_pt_BR.jar"/>
        <file crc="2195891823" name="modules/locale/org-netbeans-spi-editor-hints_ru.jar"/>
        <file crc="1972682894" name="modules/locale/org-netbeans-spi-editor-hints_zh_CN.jar"/>
        <file crc="1619140422" name="modules/org-netbeans-spi-editor-hints.jar"/>
    </module_version>
</module>
