<?xml version="1.0" encoding="UTF-8"?><module codename="org.netbeans.modules.lexer/2">
    <module_version install_time="1473840544866" last="true" origin="installer" specification_version="1.63.1.1">
        <file crc="3425354387" name="config/Modules/org-netbeans-modules-lexer.xml"/>
        <file crc="3209960602" name="modules/locale/org-netbeans-modules-lexer_ja.jar"/>
        <file crc="2149623322" name="modules/locale/org-netbeans-modules-lexer_pt_BR.jar"/>
        <file crc="829874207" name="modules/locale/org-netbeans-modules-lexer_ru.jar"/>
        <file crc="3726420617" name="modules/locale/org-netbeans-modules-lexer_zh_CN.jar"/>
        <file crc="1641770111" name="modules/org-netbeans-modules-lexer.jar"/>
    </module_version>
</module>
