<?xml version="1.0" encoding="UTF-8" standalone="no"?>
<module codename="org.netbeans.modules.web.common">
    <module_version install_time="1473840571686" last="false" origin="installer" specification_version="1.98.1">
        <file crc="842111795" name="config/Modules/org-netbeans-modules-web-common.xml"/>
        <file crc="3611305618" name="modules/locale/org-netbeans-modules-web-common_ja.jar"/>
        <file crc="3081962086" name="modules/locale/org-netbeans-modules-web-common_pt_BR.jar"/>
        <file crc="2493594613" name="modules/locale/org-netbeans-modules-web-common_ru.jar"/>
        <file crc="1658379338" name="modules/locale/org-netbeans-modules-web-common_zh_CN.jar"/>
        <file crc="2713158332" name="modules/org-netbeans-modules-web-common.jar"/>
    </module_version>
    <module_version install_time="1589918248280" last="true" origin="NetBeans Distribution" specification_version="1.98.2">
        <file crc="842111795" name="config/Modules/org-netbeans-modules-web-common.xml"/>
        <file crc="4016703871" name="modules/locale/org-netbeans-modules-web-common_ja.jar"/>
        <file crc="2890450616" name="modules/locale/org-netbeans-modules-web-common_pt_BR.jar"/>
        <file crc="3399333846" name="modules/locale/org-netbeans-modules-web-common_ru.jar"/>
        <file crc="1816072899" name="modules/locale/org-netbeans-modules-web-common_zh_CN.jar"/>
        <file crc="1990592426" name="modules/org-netbeans-modules-web-common.jar"/>
    </module_version>
</module>
