<?xml version="1.0" encoding="UTF-8" standalone="no"?>
<module codename="org.netbeans.modules.editor.actions/1">
    <module_version install_time="1473840616079" last="false" origin="installer" specification_version="1.31.1.55">
        <file crc="992536293" name="config/Modules/org-netbeans-modules-editor-actions.xml"/>
        <file crc="3229534550" name="modules/locale/org-netbeans-modules-editor-actions_ja.jar"/>
        <file crc="1183470713" name="modules/locale/org-netbeans-modules-editor-actions_pt_BR.jar"/>
        <file crc="3170201389" name="modules/locale/org-netbeans-modules-editor-actions_ru.jar"/>
        <file crc="750572464" name="modules/locale/org-netbeans-modules-editor-actions_zh_CN.jar"/>
        <file crc="3906510445" name="modules/org-netbeans-modules-editor-actions.jar"/>
    </module_version>
    <module_version install_time="1589918246920" last="true" origin="NetBeans Distribution" specification_version="1.31.1.56">
        <file crc="992536293" name="config/Modules/org-netbeans-modules-editor-actions.xml"/>
        <file crc="2666425199" name="modules/locale/org-netbeans-modules-editor-actions_ja.jar"/>
        <file crc="3624914989" name="modules/locale/org-netbeans-modules-editor-actions_pt_BR.jar"/>
        <file crc="1170170254" name="modules/locale/org-netbeans-modules-editor-actions_ru.jar"/>
        <file crc="3772428851" name="modules/locale/org-netbeans-modules-editor-actions_zh_CN.jar"/>
        <file crc="3347373857" name="modules/org-netbeans-modules-editor-actions.jar"/>
    </module_version>
</module>
