<?xml version="1.0" encoding="UTF-8"?><module codename="org.netbeans.api.java.classpath/1">
    <module_version install_time="1473840539268" last="true" origin="installer" specification_version="1.52.1">
        <file crc="4102554259" name="config/Modules/org-netbeans-api-java-classpath.xml"/>
        <file crc="2051912554" name="modules/locale/org-netbeans-api-java-classpath_ja.jar"/>
        <file crc="2027266338" name="modules/locale/org-netbeans-api-java-classpath_pt_BR.jar"/>
        <file crc="2411028254" name="modules/locale/org-netbeans-api-java-classpath_ru.jar"/>
        <file crc="75455510" name="modules/locale/org-netbeans-api-java-classpath_zh_CN.jar"/>
        <file crc="3591183385" name="modules/org-netbeans-api-java-classpath.jar"/>
    </module_version>
</module>
