<?xml version="1.0" encoding="UTF-8" standalone="no"?>
<module codename="org.netbeans.modules.editor/3">
    <module_version install_time="1473840552843" last="false" origin="installer" specification_version="1.87.1.6.3.23.55">
        <file crc="3066718341" name="config/ModuleAutoDeps/org-netbeans-modules-editor.xml"/>
        <file crc="2401213403" name="config/Modules/org-netbeans-modules-editor.xml"/>
        <file crc="1853506176" name="modules/locale/org-netbeans-modules-editor_ja.jar"/>
        <file crc="803745002" name="modules/locale/org-netbeans-modules-editor_pt_BR.jar"/>
        <file crc="3751790719" name="modules/locale/org-netbeans-modules-editor_ru.jar"/>
        <file crc="3645313526" name="modules/locale/org-netbeans-modules-editor_zh_CN.jar"/>
        <file crc="3715761673" name="modules/org-netbeans-modules-editor.jar"/>
    </module_version>
    <module_version install_time="1589918244366" last="true" origin="NetBeans Distribution" specification_version="1.87.1.6.3.24.56">
        <file crc="3066718341" name="config/ModuleAutoDeps/org-netbeans-modules-editor.xml"/>
        <file crc="2401213403" name="config/Modules/org-netbeans-modules-editor.xml"/>
        <file crc="1251872409" name="modules/locale/org-netbeans-modules-editor_ja.jar"/>
        <file crc="905400171" name="modules/locale/org-netbeans-modules-editor_pt_BR.jar"/>
        <file crc="1272328746" name="modules/locale/org-netbeans-modules-editor_ru.jar"/>
        <file crc="2663415079" name="modules/locale/org-netbeans-modules-editor_zh_CN.jar"/>
        <file crc="3696424365" name="modules/org-netbeans-modules-editor.jar"/>
    </module_version>
</module>
