<?xml version="1.0" encoding="UTF-8"?><module codename="org.netbeans.modules.project.indexingbridge">
    <module_version install_time="1473840566499" last="true" origin="installer" specification_version="1.17.1">
        <file crc="3141148986" name="config/Modules/org-netbeans-modules-project-indexingbridge.xml"/>
        <file crc="2430909322" name="modules/locale/org-netbeans-modules-project-indexingbridge_ja.jar"/>
        <file crc="3556177821" name="modules/locale/org-netbeans-modules-project-indexingbridge_pt_BR.jar"/>
        <file crc="2057461921" name="modules/locale/org-netbeans-modules-project-indexingbridge_ru.jar"/>
        <file crc="289353266" name="modules/locale/org-netbeans-modules-project-indexingbridge_zh_CN.jar"/>
        <file crc="1513754235" name="modules/org-netbeans-modules-project-indexingbridge.jar"/>
    </module_version>
</module>
