<?xml version="1.0" encoding="UTF-8"?><module codename="org.netbeans.modules.parsing.api/1">
    <module_version install_time="1473840566358" last="true" origin="installer" specification_version="9.6.1.8">
        <file crc="2839608223" name="config/ModuleAutoDeps/org-netbeans-modules-parsing-api.xml"/>
        <file crc="3233347998" name="config/Modules/org-netbeans-modules-parsing-api.xml"/>
        <file crc="2151289470" name="modules/locale/org-netbeans-modules-parsing-api_ja.jar"/>
        <file crc="4203045862" name="modules/locale/org-netbeans-modules-parsing-api_pt_BR.jar"/>
        <file crc="1333840979" name="modules/locale/org-netbeans-modules-parsing-api_ru.jar"/>
        <file crc="1626738727" name="modules/locale/org-netbeans-modules-parsing-api_zh_CN.jar"/>
        <file crc="944829064" name="modules/org-netbeans-modules-parsing-api.jar"/>
    </module_version>
</module>
