<?xml version="1.0" encoding="UTF-8"?><module codename="org.netbeans.api.xml/1">
    <module_version install_time="1473840540301" last="true" origin="installer" specification_version="1.44.1">
        <file crc="3911834207" name="config/ModuleAutoDeps/org-netbeans-api-xml.xml"/>
        <file crc="377157071" name="config/Modules/org-netbeans-api-xml.xml"/>
        <file crc="3363124627" name="modules/locale/org-netbeans-api-xml_ja.jar"/>
        <file crc="2787961089" name="modules/locale/org-netbeans-api-xml_pt_BR.jar"/>
        <file crc="1054078455" name="modules/locale/org-netbeans-api-xml_ru.jar"/>
        <file crc="2008230963" name="modules/locale/org-netbeans-api-xml_zh_CN.jar"/>
        <file crc="147442347" name="modules/org-netbeans-api-xml.jar"/>
    </module_version>
</module>
