<?xml version="1.0" encoding="UTF-8"?><module codename="org.netbeans.modules.project.spi.intern.impl">
    <module_version install_time="1473840659834" last="true" origin="installer" specification_version="1.3.1">
        <file crc="1122485501" name="config/Modules/org-netbeans-modules-project-spi-intern-impl.xml"/>
        <file crc="2683564089" name="modules/locale/org-netbeans-modules-project-spi-intern-impl_ja.jar"/>
        <file crc="3791921339" name="modules/locale/org-netbeans-modules-project-spi-intern-impl_pt_BR.jar"/>
        <file crc="3451246059" name="modules/locale/org-netbeans-modules-project-spi-intern-impl_ru.jar"/>
        <file crc="2996612576" name="modules/locale/org-netbeans-modules-project-spi-intern-impl_zh_CN.jar"/>
        <file crc="1099827159" name="modules/org-netbeans-modules-project-spi-intern-impl.jar"/>
    </module_version>
</module>
