<?xml version="1.0" encoding="UTF-8"?><module codename="org.netbeans.modules.editor.util/1">
    <module_version install_time="1473840539534" last="true" origin="installer" specification_version="1.64.1">
        <file crc="1365010955" name="config/Modules/org-netbeans-modules-editor-util.xml"/>
        <file crc="2750484087" name="modules/locale/org-netbeans-modules-editor-util_ja.jar"/>
        <file crc="1575489054" name="modules/locale/org-netbeans-modules-editor-util_pt_BR.jar"/>
        <file crc="3986363623" name="modules/locale/org-netbeans-modules-editor-util_ru.jar"/>
        <file crc="3232508173" name="modules/locale/org-netbeans-modules-editor-util_zh_CN.jar"/>
        <file crc="4036071535" name="modules/org-netbeans-modules-editor-util.jar"/>
    </module_version>
</module>
