<?xml version="1.0" encoding="UTF-8"?><module codename="org.netbeans.modules.parsing.lucene/2">
    <module_version install_time="1473840565867" last="true" origin="installer" specification_version="2.35.1.1">
        <file crc="3780388565" name="config/Modules/org-netbeans-modules-parsing-lucene.xml"/>
        <file crc="885976358" name="modules/locale/org-netbeans-modules-parsing-lucene_ja.jar"/>
        <file crc="3450809722" name="modules/locale/org-netbeans-modules-parsing-lucene_pt_BR.jar"/>
        <file crc="1737352170" name="modules/locale/org-netbeans-modules-parsing-lucene_ru.jar"/>
        <file crc="1402317782" name="modules/locale/org-netbeans-modules-parsing-lucene_zh_CN.jar"/>
        <file crc="686838600" name="modules/org-netbeans-modules-parsing-lucene.jar"/>
    </module_version>
</module>
