<?xml version="1.0" encoding="UTF-8" standalone="no"?>
<module codename="org.netbeans.modules.docker.ui/0">
    <module_version install_time="1473840615674" last="false" origin="installer" specification_version="1.0.1">
        <file crc="4092762296" name="config/Modules/org-netbeans-modules-docker-ui.xml"/>
        <file crc="4182222209" name="modules/locale/org-netbeans-modules-docker-ui_ja.jar"/>
        <file crc="1854436703" name="modules/locale/org-netbeans-modules-docker-ui_pt_BR.jar"/>
        <file crc="3298363116" name="modules/locale/org-netbeans-modules-docker-ui_ru.jar"/>
        <file crc="1945719346" name="modules/locale/org-netbeans-modules-docker-ui_zh_CN.jar"/>
        <file crc="1432367102" name="modules/org-netbeans-modules-docker-ui.jar"/>
    </module_version>
    <module_version install_time="1589918242990" last="true" origin="NetBeans Distribution" specification_version="1.0.2">
        <file crc="4092762296" name="config/Modules/org-netbeans-modules-docker-ui.xml"/>
        <file crc="3229727311" name="modules/locale/org-netbeans-modules-docker-ui_ja.jar"/>
        <file crc="1989839439" name="modules/locale/org-netbeans-modules-docker-ui_pt_BR.jar"/>
        <file crc="3065937979" name="modules/locale/org-netbeans-modules-docker-ui_ru.jar"/>
        <file crc="4084414456" name="modules/locale/org-netbeans-modules-docker-ui_zh_CN.jar"/>
        <file crc="1228024083" name="modules/org-netbeans-modules-docker-ui.jar"/>
    </module_version>
</module>
