<?xml version="1.0" encoding="UTF-8"?><module codename="org.netbeans.modules.xml.core/2">
    <module_version install_time="1473840681054" last="true" origin="installer" specification_version="1.43.1.4">
        <file crc="3628143465" name="config/Modules/org-netbeans-modules-xml-core.xml"/>
        <file crc="1961201684" name="modules/locale/org-netbeans-modules-xml-core_ja.jar"/>
        <file crc="3872623121" name="modules/locale/org-netbeans-modules-xml-core_pt_BR.jar"/>
        <file crc="1574333692" name="modules/locale/org-netbeans-modules-xml-core_ru.jar"/>
        <file crc="402224744" name="modules/locale/org-netbeans-modules-xml-core_zh_CN.jar"/>
        <file crc="1888894950" name="modules/org-netbeans-modules-xml-core.jar"/>
    </module_version>
</module>
