<?xml version="1.0" encoding="UTF-8" standalone="no"?>
<module codename="org.netbeans.lib.terminalemulator">
    <module_version install_time="1473840612204" last="false" origin="installer" specification_version="1.37.7">
        <file crc="3582975702" name="config/Modules/org-netbeans-lib-terminalemulator.xml"/>
        <file crc="4177913973" name="modules/locale/org-netbeans-lib-terminalemulator_ja.jar"/>
        <file crc="1892520043" name="modules/locale/org-netbeans-lib-terminalemulator_pt_BR.jar"/>
        <file crc="1036500915" name="modules/locale/org-netbeans-lib-terminalemulator_ru.jar"/>
        <file crc="873187697" name="modules/locale/org-netbeans-lib-terminalemulator_zh_CN.jar"/>
        <file crc="1010321581" name="modules/org-netbeans-lib-terminalemulator.jar"/>
    </module_version>
    <module_version install_time="1589918245866" last="true" origin="NetBeans Distribution" specification_version="1.37.9">
        <file crc="3582975702" name="config/Modules/org-netbeans-lib-terminalemulator.xml"/>
        <file crc="581278051" name="modules/locale/org-netbeans-lib-terminalemulator_ja.jar"/>
        <file crc="2204354291" name="modules/locale/org-netbeans-lib-terminalemulator_pt_BR.jar"/>
        <file crc="1374767174" name="modules/locale/org-netbeans-lib-terminalemulator_ru.jar"/>
        <file crc="3245113738" name="modules/locale/org-netbeans-lib-terminalemulator_zh_CN.jar"/>
        <file crc="3389530147" name="modules/org-netbeans-lib-terminalemulator.jar"/>
    </module_version>
</module>
