<?xml version="1.0" encoding="UTF-8"?><module codename="org.netbeans.modules.defaults/1">
    <module_version install_time="1473840608847" last="true" origin="installer" specification_version="1.31.1">
        <file crc="1152392083" name="config/Modules/org-netbeans-modules-defaults.xml"/>
        <file crc="1780371080" name="modules/locale/org-netbeans-modules-defaults_ja.jar"/>
        <file crc="3143667583" name="modules/locale/org-netbeans-modules-defaults_pt_BR.jar"/>
        <file crc="2351923003" name="modules/locale/org-netbeans-modules-defaults_ru.jar"/>
        <file crc="831732971" name="modules/locale/org-netbeans-modules-defaults_zh_CN.jar"/>
        <file crc="1848748409" name="modules/org-netbeans-modules-defaults.jar"/>
    </module_version>
</module>
