<?xml version="1.0" encoding="UTF-8" standalone="no"?>
<module codename="org.netbeans.modules.editor.lib/3">
    <module_version install_time="1473840550892" last="false" origin="installer" specification_version="4.7.1.23.3.55">
        <file crc="2509696244" name="config/ModuleAutoDeps/org-netbeans-modules-editor-lib.xml"/>
        <file crc="3017052692" name="config/Modules/org-netbeans-modules-editor-lib.xml"/>
        <file crc="4061134763" name="modules/locale/org-netbeans-modules-editor-lib_ja.jar"/>
        <file crc="3428592598" name="modules/locale/org-netbeans-modules-editor-lib_pt_BR.jar"/>
        <file crc="2477318939" name="modules/locale/org-netbeans-modules-editor-lib_ru.jar"/>
        <file crc="2023850519" name="modules/locale/org-netbeans-modules-editor-lib_zh_CN.jar"/>
        <file crc="1840572655" name="modules/org-netbeans-modules-editor-lib.jar"/>
    </module_version>
    <module_version install_time="1589918243537" last="true" origin="NetBeans Distribution" specification_version="4.7.2.24.3.56">
        <file crc="2509696244" name="config/ModuleAutoDeps/org-netbeans-modules-editor-lib.xml"/>
        <file crc="3017052692" name="config/Modules/org-netbeans-modules-editor-lib.xml"/>
        <file crc="1783291329" name="modules/locale/org-netbeans-modules-editor-lib_ja.jar"/>
        <file crc="2675803223" name="modules/locale/org-netbeans-modules-editor-lib_pt_BR.jar"/>
        <file crc="1792658674" name="modules/locale/org-netbeans-modules-editor-lib_ru.jar"/>
        <file crc="585835371" name="modules/locale/org-netbeans-modules-editor-lib_zh_CN.jar"/>
        <file crc="669898372" name="modules/org-netbeans-modules-editor-lib.jar"/>
    </module_version>
</module>
