<?xml version="1.0" encoding="UTF-8"?><module codename="org.netbeans.modules.projectapi/1">
    <module_version install_time="1473840538154" last="true" origin="installer" specification_version="1.66.1">
        <file crc="2566874220" name="config/ModuleAutoDeps/org-netbeans-modules-projectapi.xml"/>
        <file crc="1088517943" name="config/Modules/org-netbeans-modules-projectapi.xml"/>
        <file crc="1884201978" name="modules/locale/org-netbeans-modules-projectapi_ja.jar"/>
        <file crc="637658170" name="modules/locale/org-netbeans-modules-projectapi_pt_BR.jar"/>
        <file crc="1425492387" name="modules/locale/org-netbeans-modules-projectapi_ru.jar"/>
        <file crc="373973428" name="modules/locale/org-netbeans-modules-projectapi_zh_CN.jar"/>
        <file crc="1052559019" name="modules/org-netbeans-modules-projectapi.jar"/>
    </module_version>
</module>
