<?xml version="1.0" encoding="UTF-8"?><module codename="org.netbeans.modules.editor.settings.lib">
    <module_version install_time="1473840545285" last="true" origin="installer" specification_version="1.51.1.1">
        <file crc="1152697915" name="config/Modules/org-netbeans-modules-editor-settings-lib.xml"/>
        <file crc="2683251086" name="modules/locale/org-netbeans-modules-editor-settings-lib_ja.jar"/>
        <file crc="3116384516" name="modules/locale/org-netbeans-modules-editor-settings-lib_pt_BR.jar"/>
        <file crc="1345151221" name="modules/locale/org-netbeans-modules-editor-settings-lib_ru.jar"/>
        <file crc="3749633060" name="modules/locale/org-netbeans-modules-editor-settings-lib_zh_CN.jar"/>
        <file crc="3761926654" name="modules/org-netbeans-modules-editor-settings-lib.jar"/>
    </module_version>
</module>
