<?xml version="1.0" encoding="UTF-8"?><module codename="org.netbeans.modules.xml.xdm/1">
    <module_version install_time="1473840689125" last="true" origin="installer" specification_version="1.34.1.1">
        <file crc="1060261276" name="config/Modules/org-netbeans-modules-xml-xdm.xml"/>
        <file crc="1543679215" name="modules/locale/org-netbeans-modules-xml-xdm_ja.jar"/>
        <file crc="2919839894" name="modules/locale/org-netbeans-modules-xml-xdm_pt_BR.jar"/>
        <file crc="3999423143" name="modules/locale/org-netbeans-modules-xml-xdm_ru.jar"/>
        <file crc="1873820872" name="modules/locale/org-netbeans-modules-xml-xdm_zh_CN.jar"/>
        <file crc="1383508979" name="modules/org-netbeans-modules-xml-xdm.jar"/>
    </module_version>
</module>
