<?xml version="1.0" encoding="UTF-8" standalone="no"?>
<module codename="org.netbeans.modules.editor.fold.nbui">
    <module_version install_time="1473840617725" last="false" origin="installer" specification_version="1.12.1.55">
        <file crc="2740362867" name="config/Modules/org-netbeans-modules-editor-fold-nbui.xml"/>
        <file crc="2628287099" name="modules/locale/org-netbeans-modules-editor-fold-nbui_ja.jar"/>
        <file crc="2975443427" name="modules/locale/org-netbeans-modules-editor-fold-nbui_pt_BR.jar"/>
        <file crc="3604988612" name="modules/locale/org-netbeans-modules-editor-fold-nbui_ru.jar"/>
        <file crc="2296679036" name="modules/locale/org-netbeans-modules-editor-fold-nbui_zh_CN.jar"/>
        <file crc="1502300265" name="modules/org-netbeans-modules-editor-fold-nbui.jar"/>
    </module_version>
    <module_version install_time="1589918244803" last="true" origin="NetBeans Distribution" specification_version="1.12.1.56">
        <file crc="2740362867" name="config/Modules/org-netbeans-modules-editor-fold-nbui.xml"/>
        <file crc="2616302546" name="modules/locale/org-netbeans-modules-editor-fold-nbui_ja.jar"/>
        <file crc="229582692" name="modules/locale/org-netbeans-modules-editor-fold-nbui_pt_BR.jar"/>
        <file crc="4113714465" name="modules/locale/org-netbeans-modules-editor-fold-nbui_ru.jar"/>
        <file crc="3324235828" name="modules/locale/org-netbeans-modules-editor-fold-nbui_zh_CN.jar"/>
        <file crc="1508851900" name="modules/org-netbeans-modules-editor-fold-nbui.jar"/>
    </module_version>
</module>
