<?xml version="1.0" encoding="UTF-8"?><module codename="org.netbeans.modules.editor.indent/2">
    <module_version install_time="1473840547147" last="true" origin="installer" specification_version="1.43.1">
        <file crc="3980616695" name="config/ModuleAutoDeps/org-netbeans-modules-editor-indent.xml"/>
        <file crc="915460559" name="config/Modules/org-netbeans-modules-editor-indent.xml"/>
        <file crc="3419512689" name="modules/locale/org-netbeans-modules-editor-indent_ja.jar"/>
        <file crc="2708750895" name="modules/locale/org-netbeans-modules-editor-indent_pt_BR.jar"/>
        <file crc="3694228657" name="modules/locale/org-netbeans-modules-editor-indent_ru.jar"/>
        <file crc="1069499695" name="modules/locale/org-netbeans-modules-editor-indent_zh_CN.jar"/>
        <file crc="1434246158" name="modules/org-netbeans-modules-editor-indent.jar"/>
    </module_version>
</module>
