<?xml version="1.0" encoding="UTF-8"?><module codename="org.netbeans.modules.parsing.indexing">
    <module_version install_time="1473840568043" last="true" origin="installer" specification_version="9.8.1.1.3.8">
        <file crc="1478655218" name="config/Modules/org-netbeans-modules-parsing-indexing.xml"/>
        <file crc="1099828002" name="modules/locale/org-netbeans-modules-parsing-indexing_ja.jar"/>
        <file crc="469591159" name="modules/locale/org-netbeans-modules-parsing-indexing_pt_BR.jar"/>
        <file crc="4046738805" name="modules/locale/org-netbeans-modules-parsing-indexing_ru.jar"/>
        <file crc="1292248063" name="modules/locale/org-netbeans-modules-parsing-indexing_zh_CN.jar"/>
        <file crc="1177738845" name="modules/org-netbeans-modules-parsing-indexing.jar"/>
    </module_version>
</module>
