<?xml version="1.0" encoding="UTF-8"?><module codename="org.netbeans.modules.xml.schema.model/1">
    <module_version install_time="1473840679956" last="true" origin="installer" specification_version="1.32.1.1">
        <file crc="1408122385" name="config/Modules/org-netbeans-modules-xml-schema-model.xml"/>
        <file crc="1856385573" name="modules/locale/org-netbeans-modules-xml-schema-model_ja.jar"/>
        <file crc="181291607" name="modules/locale/org-netbeans-modules-xml-schema-model_pt_BR.jar"/>
        <file crc="1175920382" name="modules/locale/org-netbeans-modules-xml-schema-model_ru.jar"/>
        <file crc="3054488502" name="modules/locale/org-netbeans-modules-xml-schema-model_zh_CN.jar"/>
        <file crc="3455028718" name="modules/org-netbeans-modules-xml-schema-model.jar"/>
    </module_version>
</module>
