<?xml version="1.0" encoding="UTF-8"?><module codename="org.netbeans.modules.xml.text/2">
    <module_version install_time="1473840682961" last="true" origin="installer" specification_version="1.53.1">
        <file crc="3296438315" name="config/Modules/org-netbeans-modules-xml-text.xml"/>
        <file crc="751855563" name="modules/locale/org-netbeans-modules-xml-text_ja.jar"/>
        <file crc="130443438" name="modules/locale/org-netbeans-modules-xml-text_pt_BR.jar"/>
        <file crc="1074451614" name="modules/locale/org-netbeans-modules-xml-text_ru.jar"/>
        <file crc="1328326661" name="modules/locale/org-netbeans-modules-xml-text_zh_CN.jar"/>
        <file crc="3191482028" name="modules/org-netbeans-modules-xml-text.jar"/>
    </module_version>
</module>
