<?xml version="1.0" encoding="UTF-8"?><module codename="org.netbeans.modules.editor.settings.storage/1">
    <module_version install_time="1473840553459" last="true" origin="installer" specification_version="1.51.1.1">
        <file crc="256801136" name="config/ModuleAutoDeps/org-netbeans-modules-editor-settings-storage.xml"/>
        <file crc="417708896" name="config/Modules/org-netbeans-modules-editor-settings-storage.xml"/>
        <file crc="3410271240" name="modules/locale/org-netbeans-modules-editor-settings-storage_ja.jar"/>
        <file crc="2265238261" name="modules/locale/org-netbeans-modules-editor-settings-storage_pt_BR.jar"/>
        <file crc="488607913" name="modules/locale/org-netbeans-modules-editor-settings-storage_ru.jar"/>
        <file crc="1637427382" name="modules/locale/org-netbeans-modules-editor-settings-storage_zh_CN.jar"/>
        <file crc="2745081216" name="modules/org-netbeans-modules-editor-settings-storage.jar"/>
    </module_version>
</module>
