<?xml version="1.0" encoding="UTF-8"?><module codename="org.netbeans.modules.xml.axi">
    <module_version install_time="1473840680595" last="true" origin="installer" specification_version="1.31.1">
        <file crc="807763827" name="config/Modules/org-netbeans-modules-xml-axi.xml"/>
        <file crc="2636078417" name="modules/locale/org-netbeans-modules-xml-axi_ja.jar"/>
        <file crc="2976660984" name="modules/locale/org-netbeans-modules-xml-axi_pt_BR.jar"/>
        <file crc="62380405" name="modules/locale/org-netbeans-modules-xml-axi_ru.jar"/>
        <file crc="2694206109" name="modules/locale/org-netbeans-modules-xml-axi_zh_CN.jar"/>
        <file crc="3016845491" name="modules/org-netbeans-modules-xml-axi.jar"/>
    </module_version>
</module>
