<?xml version="1.0" encoding="UTF-8"?><module codename="org.netbeans.modules.editor.guards/1">
    <module_version install_time="1473840546779" last="true" origin="installer" specification_version="1.33.1">
        <file crc="591587818" name="config/Modules/org-netbeans-modules-editor-guards.xml"/>
        <file crc="4251900450" name="modules/locale/org-netbeans-modules-editor-guards_ja.jar"/>
        <file crc="1018259836" name="modules/locale/org-netbeans-modules-editor-guards_pt_BR.jar"/>
        <file crc="1981763233" name="modules/locale/org-netbeans-modules-editor-guards_ru.jar"/>
        <file crc="2267307497" name="modules/locale/org-netbeans-modules-editor-guards_zh_CN.jar"/>
        <file crc="2581821779" name="modules/org-netbeans-modules-editor-guards.jar"/>
    </module_version>
</module>
