<?xml version="1.0" encoding="UTF-8"?><module codename="org.netbeans.modules.editor.completion/1">
    <module_version install_time="1473840575559" last="true" origin="installer" specification_version="1.44.1.2">
        <file crc="1327033579" name="config/Modules/org-netbeans-modules-editor-completion.xml"/>
        <file crc="2340714102" name="modules/locale/org-netbeans-modules-editor-completion_ja.jar"/>
        <file crc="433864575" name="modules/locale/org-netbeans-modules-editor-completion_pt_BR.jar"/>
        <file crc="2573189129" name="modules/locale/org-netbeans-modules-editor-completion_ru.jar"/>
        <file crc="510778286" name="modules/locale/org-netbeans-modules-editor-completion_zh_CN.jar"/>
        <file crc="1538008481" name="modules/org-netbeans-modules-editor-completion.jar"/>
    </module_version>
</module>
