<?xml version="1.0" encoding="UTF-8"?><module codename="org.netbeans.spi.tasklist/1">
    <module_version install_time="1473840566735" last="true" origin="installer" specification_version="1.35.1.1">
        <file crc="1227800962" name="config/Modules/org-netbeans-spi-tasklist.xml"/>
        <file crc="4113368534" name="modules/locale/org-netbeans-spi-tasklist_ja.jar"/>
        <file crc="174741467" name="modules/locale/org-netbeans-spi-tasklist_pt_BR.jar"/>
        <file crc="2295314064" name="modules/locale/org-netbeans-spi-tasklist_ru.jar"/>
        <file crc="1655511374" name="modules/locale/org-netbeans-spi-tasklist_zh_CN.jar"/>
        <file crc="3053910321" name="modules/org-netbeans-spi-tasklist.jar"/>
    </module_version>
</module>
