<?xml version="1.0" encoding="UTF-8"?><module codename="org.netbeans.modules.project.spi.intern">
    <module_version install_time="1473840592381" last="true" origin="installer" specification_version="1.3.1">
        <file crc="2544904341" name="config/Modules/org-netbeans-modules-project-spi-intern.xml"/>
        <file crc="2898403709" name="modules/locale/org-netbeans-modules-project-spi-intern_ja.jar"/>
        <file crc="4068932988" name="modules/locale/org-netbeans-modules-project-spi-intern_pt_BR.jar"/>
        <file crc="2227399944" name="modules/locale/org-netbeans-modules-project-spi-intern_ru.jar"/>
        <file crc="1238471831" name="modules/locale/org-netbeans-modules-project-spi-intern_zh_CN.jar"/>
        <file crc="2162780223" name="modules/org-netbeans-modules-project-spi-intern.jar"/>
    </module_version>
</module>
