<?xml version="1.0" encoding="UTF-8"?><module codename="org.netbeans.api.xml.ui/1">
    <module_version install_time="1473840540585" last="true" origin="installer" specification_version="1.44.1">
        <file crc="2713740035" name="config/Modules/org-netbeans-api-xml-ui.xml"/>
        <file crc="1615340024" name="modules/locale/org-netbeans-api-xml-ui_ja.jar"/>
        <file crc="3819665121" name="modules/locale/org-netbeans-api-xml-ui_pt_BR.jar"/>
        <file crc="1621334178" name="modules/locale/org-netbeans-api-xml-ui_ru.jar"/>
        <file crc="1687188777" name="modules/locale/org-netbeans-api-xml-ui_zh_CN.jar"/>
        <file crc="1911989862" name="modules/org-netbeans-api-xml-ui.jar"/>
    </module_version>
</module>
