<?xml version="1.0" encoding="UTF-8"?><module codename="org.netbeans.modules.editor.structure/1">
    <module_version install_time="1473840621018" last="true" origin="installer" specification_version="1.47.1.1">
        <file crc="215816205" name="config/Modules/org-netbeans-modules-editor-structure.xml"/>
        <file crc="158484800" name="modules/locale/org-netbeans-modules-editor-structure_ja.jar"/>
        <file crc="4242426984" name="modules/locale/org-netbeans-modules-editor-structure_pt_BR.jar"/>
        <file crc="1423031600" name="modules/locale/org-netbeans-modules-editor-structure_ru.jar"/>
        <file crc="2961937395" name="modules/locale/org-netbeans-modules-editor-structure_zh_CN.jar"/>
        <file crc="2375684017" name="modules/org-netbeans-modules-editor-structure.jar"/>
    </module_version>
</module>
