<?xml version="1.0" encoding="UTF-8"?><module codename="org.netbeans.modules.terminal.nb">
    <module_version install_time="1473840613122" last="true" origin="installer" specification_version="1.0.1">
        <file crc="2491454663" name="config/Modules/org-netbeans-modules-terminal-nb.xml"/>
        <file crc="4178184525" name="modules/locale/org-netbeans-modules-terminal-nb_ja.jar"/>
        <file crc="967706782" name="modules/locale/org-netbeans-modules-terminal-nb_pt_BR.jar"/>
        <file crc="2308109692" name="modules/locale/org-netbeans-modules-terminal-nb_ru.jar"/>
        <file crc="1192654643" name="modules/locale/org-netbeans-modules-terminal-nb_zh_CN.jar"/>
        <file crc="2633401996" name="modules/org-netbeans-modules-terminal-nb.jar"/>
    </module_version>
</module>
