<?xml version="1.0" encoding="UTF-8"?><module codename="org.netbeans.modules.utilities/1">
    <module_version install_time="1473840656166" last="true" origin="installer" specification_version="1.61.1">
        <file crc="754223576" name="config/Modules/org-netbeans-modules-utilities.xml"/>
        <file crc="3166480807" name="modules/locale/org-netbeans-modules-utilities_ja.jar"/>
        <file crc="1709202870" name="modules/locale/org-netbeans-modules-utilities_pt_BR.jar"/>
        <file crc="1950084082" name="modules/locale/org-netbeans-modules-utilities_ru.jar"/>
        <file crc="463290095" name="modules/locale/org-netbeans-modules-utilities_zh_CN.jar"/>
        <file crc="304532621" name="modules/org-netbeans-modules-utilities.jar"/>
    </module_version>
</module>
