<?xml version="1.0" encoding="UTF-8"?><module codename="org.netbeans.modules.csl.api/2">
    <module_version install_time="1473840579730" last="true" origin="installer" specification_version="2.54.1.2.1.1.8.1">
        <file crc="23927813" name="config/ModuleAutoDeps/org-netbeans-modules-csl-api.xml"/>
        <file crc="2308193102" name="config/Modules/org-netbeans-modules-csl-api.xml"/>
        <file crc="222965483" name="modules/locale/org-netbeans-modules-csl-api_ja.jar"/>
        <file crc="2779517816" name="modules/locale/org-netbeans-modules-csl-api_pt_BR.jar"/>
        <file crc="481720290" name="modules/locale/org-netbeans-modules-csl-api_ru.jar"/>
        <file crc="2275461748" name="modules/locale/org-netbeans-modules-csl-api_zh_CN.jar"/>
        <file crc="2643318255" name="modules/org-netbeans-modules-csl-api.jar"/>
    </module_version>
</module>
