<?xml version="1.0" encoding="UTF-8"?><module codename="org.netbeans.modules.xml.retriever/1">
    <module_version install_time="1473840681572" last="true" origin="installer" specification_version="1.31.1">
        <file crc="3602039916" name="config/Modules/org-netbeans-modules-xml-retriever.xml"/>
        <file crc="1377731722" name="modules/locale/org-netbeans-modules-xml-retriever_ja.jar"/>
        <file crc="1210850279" name="modules/locale/org-netbeans-modules-xml-retriever_pt_BR.jar"/>
        <file crc="3699277162" name="modules/locale/org-netbeans-modules-xml-retriever_ru.jar"/>
        <file crc="4057722911" name="modules/locale/org-netbeans-modules-xml-retriever_zh_CN.jar"/>
        <file crc="139977679" name="modules/org-netbeans-modules-xml-retriever.jar"/>
    </module_version>
</module>
