<?xml version="1.0" encoding="UTF-8"?><module codename="org.netbeans.modules.jumpto/1">
    <module_version install_time="1473840577296" last="true" origin="installer" specification_version="1.53.2.1">
        <file crc="771737990" name="config/Modules/org-netbeans-modules-jumpto.xml"/>
        <file crc="4001746992" name="modules/locale/org-netbeans-modules-jumpto_ja.jar"/>
        <file crc="2117511340" name="modules/locale/org-netbeans-modules-jumpto_pt_BR.jar"/>
        <file crc="1247760200" name="modules/locale/org-netbeans-modules-jumpto_ru.jar"/>
        <file crc="3477720031" name="modules/locale/org-netbeans-modules-jumpto_zh_CN.jar"/>
        <file crc="1827417685" name="modules/org-netbeans-modules-jumpto.jar"/>
    </module_version>
</module>
