<?xml version="1.0" encoding="UTF-8"?><module codename="org.netbeans.modules.xml.catalog/2">
    <module_version install_time="1473840592772" last="true" origin="installer" specification_version="3.3.1.4">
        <file crc="104624930" name="config/ModuleAutoDeps/org-netbeans-modules-xml-catalog.xml"/>
        <file crc="4257896318" name="config/Modules/org-netbeans-modules-xml-catalog.xml"/>
        <file crc="221439685" name="modules/locale/org-netbeans-modules-xml-catalog_ja.jar"/>
        <file crc="1525668611" name="modules/locale/org-netbeans-modules-xml-catalog_pt_BR.jar"/>
        <file crc="3429562014" name="modules/locale/org-netbeans-modules-xml-catalog_ru.jar"/>
        <file crc="3411749890" name="modules/locale/org-netbeans-modules-xml-catalog_zh_CN.jar"/>
        <file crc="4149697253" name="modules/org-netbeans-modules-xml-catalog.jar"/>
    </module_version>
</module>
