<?xml version="1.0" encoding="UTF-8" standalone="no"?>
<module codename="org.netbeans.modules.docker.api/0">
    <module_version install_time="1473840614176" last="false" origin="installer" specification_version="1.20.1">
        <file crc="2278911438" name="config/Modules/org-netbeans-modules-docker-api.xml"/>
        <file crc="2430685691" name="modules/locale/org-netbeans-modules-docker-api_ja.jar"/>
        <file crc="1282381314" name="modules/locale/org-netbeans-modules-docker-api_pt_BR.jar"/>
        <file crc="9403189" name="modules/locale/org-netbeans-modules-docker-api_ru.jar"/>
        <file crc="1776078054" name="modules/locale/org-netbeans-modules-docker-api_zh_CN.jar"/>
        <file crc="2676404779" name="modules/org-netbeans-modules-docker-api.jar"/>
    </module_version>
    <module_version install_time="1589918251093" last="true" origin="NetBeans Distribution" specification_version="1.20.2">
        <file crc="2278911438" name="config/Modules/org-netbeans-modules-docker-api.xml"/>
        <file crc="1863395201" name="modules/locale/org-netbeans-modules-docker-api_ja.jar"/>
        <file crc="3755554916" name="modules/locale/org-netbeans-modules-docker-api_pt_BR.jar"/>
        <file crc="857423753" name="modules/locale/org-netbeans-modules-docker-api_ru.jar"/>
        <file crc="656574631" name="modules/locale/org-netbeans-modules-docker-api_zh_CN.jar"/>
        <file crc="4138353253" name="modules/org-netbeans-modules-docker-api.jar"/>
    </module_version>
</module>
