<?xml version="1.0" encoding="UTF-8"?><module codename="org.netbeans.modules.extexecution/2">
    <module_version install_time="1473840556755" last="true" origin="installer" specification_version="1.48.1">
        <file crc="3522709403" name="config/Modules/org-netbeans-modules-extexecution.xml"/>
        <file crc="3704055315" name="modules/locale/org-netbeans-modules-extexecution_ja.jar"/>
        <file crc="3259768414" name="modules/locale/org-netbeans-modules-extexecution_pt_BR.jar"/>
        <file crc="1363327149" name="modules/locale/org-netbeans-modules-extexecution_ru.jar"/>
        <file crc="2420323556" name="modules/locale/org-netbeans-modules-extexecution_zh_CN.jar"/>
        <file crc="3590186793" name="modules/org-netbeans-modules-extexecution.jar"/>
    </module_version>
</module>
