<?xml version="1.0" encoding="UTF-8"?><module codename="org.netbeans.modules.diff/1">
    <module_version install_time="1473840555893" last="true" origin="installer" specification_version="1.51.1.42.1">
        <file crc="4024982772" name="config/Modules/org-netbeans-modules-diff.xml"/>
        <file crc="233491310" name="modules/locale/org-netbeans-modules-diff_ja.jar"/>
        <file crc="2604775267" name="modules/locale/org-netbeans-modules-diff_pt_BR.jar"/>
        <file crc="1295741193" name="modules/locale/org-netbeans-modules-diff_ru.jar"/>
        <file crc="1625783264" name="modules/locale/org-netbeans-modules-diff_zh_CN.jar"/>
        <file crc="506886773" name="modules/org-netbeans-modules-diff.jar"/>
    </module_version>
</module>
