<?xml version="1.0" encoding="UTF-8"?><module codename="org.netbeans.libs.json_simple/1">
    <module_version install_time="1473840571123" last="true" origin="installer" specification_version="0.12.1">
        <file crc="1407381065" name="config/Modules/org-netbeans-libs-json_simple.xml"/>
        <file crc="1200891459" name="modules/ext/json-simple-1.1.1.jar"/>
        <file crc="1146380576" name="modules/locale/org-netbeans-libs-json_simple_ja.jar"/>
        <file crc="1170888228" name="modules/locale/org-netbeans-libs-json_simple_pt_BR.jar"/>
        <file crc="1127427547" name="modules/locale/org-netbeans-libs-json_simple_ru.jar"/>
        <file crc="1833656002" name="modules/locale/org-netbeans-libs-json_simple_zh_CN.jar"/>
        <file crc="2463786233" name="modules/org-netbeans-libs-json_simple.jar"/>
    </module_version>
</module>
