<?xml version="1.0" encoding="UTF-8"?><module codename="org.netbeans.modules.projectuiapi.base/1">
    <module_version install_time="1473840557118" last="true" origin="installer" specification_version="1.85.1.9">
        <file crc="2795608921" name="config/Modules/org-netbeans-modules-projectuiapi-base.xml"/>
        <file crc="2173014039" name="modules/locale/org-netbeans-modules-projectuiapi-base_ja.jar"/>
        <file crc="2153942436" name="modules/locale/org-netbeans-modules-projectuiapi-base_pt_BR.jar"/>
        <file crc="992158434" name="modules/locale/org-netbeans-modules-projectuiapi-base_ru.jar"/>
        <file crc="2961969633" name="modules/locale/org-netbeans-modules-projectuiapi-base_zh_CN.jar"/>
        <file crc="1682611317" name="modules/org-netbeans-modules-projectuiapi-base.jar"/>
    </module_version>
</module>
