<?xml version="1.0" encoding="UTF-8"?><module codename="org.netbeans.modules.docker.editor/0">
    <module_version install_time="1473840614769" last="true" origin="installer" specification_version="1.0.1">
        <file crc="2074874214" name="config/Modules/org-netbeans-modules-docker-editor.xml"/>
        <file crc="4084519455" name="modules/locale/org-netbeans-modules-docker-editor_ja.jar"/>
        <file crc="420386877" name="modules/locale/org-netbeans-modules-docker-editor_pt_BR.jar"/>
        <file crc="3081321131" name="modules/locale/org-netbeans-modules-docker-editor_ru.jar"/>
        <file crc="181418967" name="modules/locale/org-netbeans-modules-docker-editor_zh_CN.jar"/>
        <file crc="822031858" name="modules/org-netbeans-modules-docker-editor.jar"/>
    </module_version>
</module>
