<?xml version="1.0" encoding="UTF-8"?><module codename="org.netbeans.modules.xml.tools/2">
    <module_version install_time="1473840687787" last="true" origin="installer" specification_version="1.43.1">
        <file crc="3189568242" name="config/Modules/org-netbeans-modules-xml-tools.xml"/>
        <file crc="777022593" name="modules/locale/org-netbeans-modules-xml-tools_ja.jar"/>
        <file crc="2829237162" name="modules/locale/org-netbeans-modules-xml-tools_pt_BR.jar"/>
        <file crc="3314442138" name="modules/locale/org-netbeans-modules-xml-tools_ru.jar"/>
        <file crc="78902147" name="modules/locale/org-netbeans-modules-xml-tools_zh_CN.jar"/>
        <file crc="1985607393" name="modules/org-netbeans-modules-xml-tools.jar"/>
    </module_version>
</module>
