<?xml version="1.0" encoding="UTF-8"?><module codename="org.netbeans.modules.xml.multiview/1">
    <module_version install_time="1473840685483" last="true" origin="installer" specification_version="1.38.1.2">
        <file crc="3843291236" name="config/Modules/org-netbeans-modules-xml-multiview.xml"/>
        <file crc="1544805819" name="modules/locale/org-netbeans-modules-xml-multiview_ja.jar"/>
        <file crc="3196158854" name="modules/locale/org-netbeans-modules-xml-multiview_pt_BR.jar"/>
        <file crc="3623991194" name="modules/locale/org-netbeans-modules-xml-multiview_ru.jar"/>
        <file crc="1161643721" name="modules/locale/org-netbeans-modules-xml-multiview_zh_CN.jar"/>
        <file crc="2716836646" name="modules/org-netbeans-modules-xml-multiview.jar"/>
    </module_version>
</module>
