<?xml version="1.0" encoding="UTF-8"?><module codename="org.netbeans.modules.xml.tax/2">
    <module_version install_time="1473840687155" last="true" origin="installer" specification_version="1.44.1.281">
        <file crc="3137623504" name="config/Modules/org-netbeans-modules-xml-tax.xml"/>
        <file crc="4042509636" name="modules/ext/locale/org-netbeans-tax_ja.jar"/>
        <file crc="1210177365" name="modules/ext/locale/org-netbeans-tax_pt_BR.jar"/>
        <file crc="1934905959" name="modules/ext/locale/org-netbeans-tax_ru.jar"/>
        <file crc="2888189770" name="modules/ext/locale/org-netbeans-tax_zh_CN.jar"/>
        <file crc="3793605402" name="modules/ext/org-netbeans-tax.jar"/>
        <file crc="2570265699" name="modules/locale/org-netbeans-modules-xml-tax_ja.jar"/>
        <file crc="3344552776" name="modules/locale/org-netbeans-modules-xml-tax_pt_BR.jar"/>
        <file crc="3179647619" name="modules/locale/org-netbeans-modules-xml-tax_ru.jar"/>
        <file crc="1141673497" name="modules/locale/org-netbeans-modules-xml-tax_zh_CN.jar"/>
        <file crc="2930815413" name="modules/org-netbeans-modules-xml-tax.jar"/>
    </module_version>
</module>
