<?xml version="1.0" encoding="UTF-8"?><module codename="org.netbeans.modules.projectuiapi/1">
    <module_version install_time="1473840558707" last="true" origin="installer" specification_version="1.88.1.8">
        <file crc="3819960436" name="config/ModuleAutoDeps/org-netbeans-modules-projectuiapi.xml"/>
        <file crc="1443847563" name="config/Modules/org-netbeans-modules-projectuiapi.xml"/>
        <file crc="2802851930" name="modules/locale/org-netbeans-modules-projectuiapi_ja.jar"/>
        <file crc="2055409043" name="modules/locale/org-netbeans-modules-projectuiapi_pt_BR.jar"/>
        <file crc="1687788833" name="modules/locale/org-netbeans-modules-projectuiapi_ru.jar"/>
        <file crc="3996324330" name="modules/locale/org-netbeans-modules-projectuiapi_zh_CN.jar"/>
        <file crc="718350737" name="modules/org-netbeans-modules-projectuiapi.jar"/>
    </module_version>
</module>
