<?xml version="1.0" encoding="UTF-8"?><module codename="org.netbeans.modules.refactoring.api">
    <module_version install_time="1473840569427" last="true" origin="installer" specification_version="1.47.1.1">
        <file crc="660297798" name="config/Modules/org-netbeans-modules-refactoring-api.xml"/>
        <file crc="2921222473" name="modules/locale/org-netbeans-modules-refactoring-api_ja.jar"/>
        <file crc="2129235192" name="modules/locale/org-netbeans-modules-refactoring-api_pt_BR.jar"/>
        <file crc="3217927094" name="modules/locale/org-netbeans-modules-refactoring-api_ru.jar"/>
        <file crc="1657023829" name="modules/locale/org-netbeans-modules-refactoring-api_zh_CN.jar"/>
        <file crc="2585893690" name="modules/org-netbeans-modules-refactoring-api.jar"/>
    </module_version>
</module>
