<?xml version="1.0" encoding="UTF-8"?><module codename="org.netbeans.modules.editor.fold/1">
    <module_version install_time="1473840546510" last="true" origin="installer" specification_version="1.45.1">
        <file crc="1352432432" name="config/Modules/org-netbeans-modules-editor-fold.xml"/>
        <file crc="1719767028" name="modules/locale/org-netbeans-modules-editor-fold_ja.jar"/>
        <file crc="4126037694" name="modules/locale/org-netbeans-modules-editor-fold_pt_BR.jar"/>
        <file crc="3816392152" name="modules/locale/org-netbeans-modules-editor-fold_ru.jar"/>
        <file crc="587855553" name="modules/locale/org-netbeans-modules-editor-fold_zh_CN.jar"/>
        <file crc="2338439097" name="modules/org-netbeans-modules-editor-fold.jar"/>
    </module_version>
</module>
