<?xml version="1.0" encoding="UTF-8"?><module codename="org.netbeans.libs.xerces/1">
    <module_version install_time="1473840645385" last="true" origin="installer" specification_version="1.38.1.281">
        <file crc="1807597417" name="config/Modules/org-netbeans-libs-xerces.xml"/>
        <file crc="2433523241" name="modules/ext/xerces-2.8.0.jar"/>
        <file crc="3411091753" name="modules/locale/org-netbeans-libs-xerces_ja.jar"/>
        <file crc="1240667726" name="modules/locale/org-netbeans-libs-xerces_pt_BR.jar"/>
        <file crc="2463553294" name="modules/locale/org-netbeans-libs-xerces_ru.jar"/>
        <file crc="2977057559" name="modules/locale/org-netbeans-libs-xerces_zh_CN.jar"/>
        <file crc="1689714813" name="modules/org-netbeans-libs-xerces.jar"/>
    </module_version>
</module>
