<?xml version="1.0" encoding="UTF-8"?><module codename="org.netbeans.modules.editor.document">
    <module_version install_time="1473840540041" last="true" origin="installer" specification_version="1.9.1.3">
        <file crc="2494316100" name="config/Modules/org-netbeans-modules-editor-document.xml"/>
        <file crc="1184677487" name="modules/locale/org-netbeans-modules-editor-document_ja.jar"/>
        <file crc="1363988594" name="modules/locale/org-netbeans-modules-editor-document_pt_BR.jar"/>
        <file crc="867198984" name="modules/locale/org-netbeans-modules-editor-document_ru.jar"/>
        <file crc="3433131624" name="modules/locale/org-netbeans-modules-editor-document_zh_CN.jar"/>
        <file crc="770674283" name="modules/org-netbeans-modules-editor-document.jar"/>
    </module_version>
</module>
