<?xml version="1.0" encoding="UTF-8"?><module codename="org.netbeans.modules.projectapi.nb">
    <module_version install_time="1473840660100" last="true" origin="installer" specification_version="1.3.1">
        <file crc="923987008" name="config/Modules/org-netbeans-modules-projectapi-nb.xml"/>
        <file crc="3390791756" name="modules/locale/org-netbeans-modules-projectapi-nb_ja.jar"/>
        <file crc="3460020169" name="modules/locale/org-netbeans-modules-projectapi-nb_pt_BR.jar"/>
        <file crc="279278080" name="modules/locale/org-netbeans-modules-projectapi-nb_ru.jar"/>
        <file crc="1311714793" name="modules/locale/org-netbeans-modules-projectapi-nb_zh_CN.jar"/>
        <file crc="2121235573" name="modules/org-netbeans-modules-projectapi-nb.jar"/>
    </module_version>
</module>
