<?xml version="1.0" encoding="UTF-8"?><module codename="org.netbeans.modules.editor.errorstripe/2">
    <module_version install_time="1473840551743" last="true" origin="installer" specification_version="2.34.1.1.1">
        <file crc="2060797385" name="config/Modules/org-netbeans-modules-editor-errorstripe.xml"/>
        <file crc="2730226077" name="modules/locale/org-netbeans-modules-editor-errorstripe_ja.jar"/>
        <file crc="1314346799" name="modules/locale/org-netbeans-modules-editor-errorstripe_pt_BR.jar"/>
        <file crc="4019952233" name="modules/locale/org-netbeans-modules-editor-errorstripe_ru.jar"/>
        <file crc="3915588013" name="modules/locale/org-netbeans-modules-editor-errorstripe_zh_CN.jar"/>
        <file crc="93095175" name="modules/org-netbeans-modules-editor-errorstripe.jar"/>
    </module_version>
</module>
