<?xml version="1.0" encoding="UTF-8"?><module codename="org.netbeans.modules.xml.lexer">
    <module_version install_time="1473840667162" last="true" origin="installer" specification_version="1.29.1">
        <file crc="2479377366" name="config/Modules/org-netbeans-modules-xml-lexer.xml"/>
        <file crc="483624764" name="modules/locale/org-netbeans-modules-xml-lexer_ja.jar"/>
        <file crc="3522524901" name="modules/locale/org-netbeans-modules-xml-lexer_pt_BR.jar"/>
        <file crc="3840816024" name="modules/locale/org-netbeans-modules-xml-lexer_ru.jar"/>
        <file crc="3770263480" name="modules/locale/org-netbeans-modules-xml-lexer_zh_CN.jar"/>
        <file crc="1551490699" name="modules/org-netbeans-modules-xml-lexer.jar"/>
    </module_version>
</module>
