<?xml version="1.0" encoding="UTF-8" standalone="no"?>
<module codename="org.netbeans.modules.editor.bracesmatching/0">
    <module_version install_time="1473840589003" last="false" origin="installer" specification_version="1.39.1.55">
        <file crc="3381231321" name="config/Modules/org-netbeans-modules-editor-bracesmatching.xml"/>
        <file crc="3844675147" name="modules/locale/org-netbeans-modules-editor-bracesmatching_ja.jar"/>
        <file crc="3563789654" name="modules/locale/org-netbeans-modules-editor-bracesmatching_pt_BR.jar"/>
        <file crc="1105277631" name="modules/locale/org-netbeans-modules-editor-bracesmatching_ru.jar"/>
        <file crc="1459197643" name="modules/locale/org-netbeans-modules-editor-bracesmatching_zh_CN.jar"/>
        <file crc="1606656749" name="modules/org-netbeans-modules-editor-bracesmatching.jar"/>
    </module_version>
    <module_version install_time="1589918241701" last="true" origin="NetBeans Distribution" specification_version="1.39.1.56">
        <file crc="3381231321" name="config/Modules/org-netbeans-modules-editor-bracesmatching.xml"/>
        <file crc="3807703718" name="modules/locale/org-netbeans-modules-editor-bracesmatching_ja.jar"/>
        <file crc="2469509734" name="modules/locale/org-netbeans-modules-editor-bracesmatching_pt_BR.jar"/>
        <file crc="650014136" name="modules/locale/org-netbeans-modules-editor-bracesmatching_ru.jar"/>
        <file crc="2704353214" name="modules/locale/org-netbeans-modules-editor-bracesmatching_zh_CN.jar"/>
        <file crc="4066245701" name="modules/org-netbeans-modules-editor-bracesmatching.jar"/>
    </module_version>
</module>
