<?xml version="1.0" encoding="UTF-8"?><module codename="org.netbeans.core.ide/1">
    <module_version install_time="1473840543902" last="true" origin="installer" specification_version="1.41.1">
        <file crc="577140527" name="config/Modules/org-netbeans-core-ide.xml"/>
        <file crc="1191761118" name="modules/locale/org-netbeans-core-ide_ja.jar"/>
        <file crc="2712875734" name="modules/locale/org-netbeans-core-ide_pt_BR.jar"/>
        <file crc="1489443894" name="modules/locale/org-netbeans-core-ide_ru.jar"/>
        <file crc="2555643557" name="modules/locale/org-netbeans-core-ide_zh_CN.jar"/>
        <file crc="4072946426" name="modules/org-netbeans-core-ide.jar"/>
    </module_version>
</module>
