<?xml version="1.0" encoding="UTF-8"?><module codename="org.netbeans.modules.editor.settings/1">
    <module_version install_time="1473840544183" last="true" origin="installer" specification_version="1.56.1">
        <file crc="561761059" name="config/Modules/org-netbeans-modules-editor-settings.xml"/>
        <file crc="1954667013" name="modules/locale/org-netbeans-modules-editor-settings_ja.jar"/>
        <file crc="3432875512" name="modules/locale/org-netbeans-modules-editor-settings_pt_BR.jar"/>
        <file crc="2477126444" name="modules/locale/org-netbeans-modules-editor-settings_ru.jar"/>
        <file crc="439321774" name="modules/locale/org-netbeans-modules-editor-settings_zh_CN.jar"/>
        <file crc="606543732" name="modules/org-netbeans-modules-editor-settings.jar"/>
    </module_version>
</module>
