<?xml version="1.0" encoding="UTF-8"?><module codename="org.netbeans.modules.parsing.nb">
    <module_version install_time="1473840657409" last="true" origin="installer" specification_version="1.3.1.8.1">
        <file crc="2612073826" name="config/Modules/org-netbeans-modules-parsing-nb.xml"/>
        <file crc="302190165" name="modules/locale/org-netbeans-modules-parsing-nb_ja.jar"/>
        <file crc="2210495025" name="modules/locale/org-netbeans-modules-parsing-nb_pt_BR.jar"/>
        <file crc="552124517" name="modules/locale/org-netbeans-modules-parsing-nb_ru.jar"/>
        <file crc="3752813650" name="modules/locale/org-netbeans-modules-parsing-nb_zh_CN.jar"/>
        <file crc="955070372" name="modules/org-netbeans-modules-parsing-nb.jar"/>
    </module_version>
</module>
