<?xml version="1.0" encoding="UTF-8"?><module codename="org.netbeans.libs.lucene/3">
    <module_version install_time="1473840564902" last="true" origin="installer" specification_version="3.19.1">
        <file crc="2359018399" name="config/Modules/org-netbeans-libs-lucene.xml"/>
        <file crc="1461152331" name="modules/ext/lucene-core-3.5.0.jar"/>
        <file crc="317430112" name="modules/locale/org-netbeans-libs-lucene_ja.jar"/>
        <file crc="1825085477" name="modules/locale/org-netbeans-libs-lucene_pt_BR.jar"/>
        <file crc="1897556773" name="modules/locale/org-netbeans-libs-lucene_ru.jar"/>
        <file crc="2403524586" name="modules/locale/org-netbeans-libs-lucene_zh_CN.jar"/>
        <file crc="4006956167" name="modules/org-netbeans-libs-lucene.jar"/>
    </module_version>
</module>
