<?xml version="1.0"?>
<!DOCTYPE COrnLathe PUBLIC "-//IDN billooms.com//DTD COrnLathe file format 3.1//EN" "http://www.billooms.com/dtds/cornlathe3_1.dtd">
<COrnLathe version='3,0'>
  <Controls active='NORMAL'>
    <FeedRate rpm='3,00' velocity='4,00'/>
    <CoarseFine  passDepth='0,0250' passStep='5' lastDepth='0,0050' lastStep='1' rotation='NEG_LAST'/>
  </Controls>
  <Cutters>
    <Cutter name='HCF1' displayName='HCF with R=0.512' frame='Drill' location='FRONT_OUTSIDE' profile='POINT120' tipWidth='0,1875' ucfAngle='90,0'/>
  </Cutters>
  <Outline dotLocation='FRONT_OUTSIDE' thickness='0,100' resolution='0,020' color='rgb(186, 99, 18)'>
    <Pt x='0,2500' y='0,0000'/>
    <Pt x='0,2500' y='2,0000'/>
  </Outline>
  <CutPoints>
    <SpiralLine n='0' cutter='HCF1' scaleDepth='false' endDepth='0,0300'>
      <Pt x='0,2500' z='1,5000'/>
      <LinePoint n='0' cutter='HCF1' depth='0,0200' repeat='5' phase='45,0'>
        <Pt x='0,2500' z='0,5000'/>
        <PatternBar pattern='SINE' amp='0,1000' period='0,5000' phase='90,0'/>
      </LinePoint>
      <Spiral style='UNIFORMD' twist='20,00'/>
      <GoToPoint n='0' cutter='HCF1'>
        <Pt x='0,3794' z='1,4228'/>
      </GoToPoint>
      <GoToPoint n='0' cutter='HCF1'>
        <Pt x='0,3794' z='0,5772'/>
      </GoToPoint>
    </SpiralLine>
  </CutPoints>
</COrnLathe>
