<?xml version="1.0" encoding="UTF-8"?><module codename="org.openide.actions">
    <module_version install_time="1473840497527" last="true" origin="installer" specification_version="6.39.1">
        <file crc="3556488737" name="config/Modules/org-openide-actions.xml"/>
        <file crc="1825083247" name="modules/locale/org-openide-actions_ja.jar"/>
        <file crc="4158674986" name="modules/locale/org-openide-actions_pt_BR.jar"/>
        <file crc="2280042092" name="modules/locale/org-openide-actions_ru.jar"/>
        <file crc="3655121321" name="modules/locale/org-openide-actions_zh_CN.jar"/>
        <file crc="138870752" name="modules/org-openide-actions.jar"/>
    </module_version>
</module>
