<?xml version="1.0" encoding="UTF-8"?><module codename="org.netbeans.api.templates">
    <module_version install_time="1473840498481" last="true" origin="installer" specification_version="1.7.1">
        <file crc="715791124" name="config/Modules/org-netbeans-api-templates.xml"/>
        <file crc="2336776505" name="modules/locale/org-netbeans-api-templates_ja.jar"/>
        <file crc="3229687604" name="modules/locale/org-netbeans-api-templates_pt_BR.jar"/>
        <file crc="339589775" name="modules/locale/org-netbeans-api-templates_ru.jar"/>
        <file crc="2663624338" name="modules/locale/org-netbeans-api-templates_zh_CN.jar"/>
        <file crc="943123380" name="modules/org-netbeans-api-templates.jar"/>
    </module_version>
</module>
