<?xml version="1.0" encoding="UTF-8"?><module codename="org.netbeans.modules.options.keymap">
    <module_version install_time="1473840519340" last="true" origin="installer" specification_version="1.37.1">
        <file crc="2363851279" name="config/Modules/org-netbeans-modules-options-keymap.xml"/>
        <file crc="2375007304" name="modules/locale/org-netbeans-modules-options-keymap_ja.jar"/>
        <file crc="2030804807" name="modules/locale/org-netbeans-modules-options-keymap_pt_BR.jar"/>
        <file crc="2150164750" name="modules/locale/org-netbeans-modules-options-keymap_ru.jar"/>
        <file crc="210473264" name="modules/locale/org-netbeans-modules-options-keymap_zh_CN.jar"/>
        <file crc="2754627823" name="modules/org-netbeans-modules-options-keymap.jar"/>
    </module_version>
</module>
