<?xml version="1.0" encoding="UTF-8"?><module codename="org.openide.nodes">
    <module_version install_time="1473840487332" last="true" origin="installer" specification_version="7.45.1">
        <file crc="11361373" name="config/ModuleAutoDeps/org-openide-nodes.xml"/>
        <file crc="3092369940" name="config/Modules/org-openide-nodes.xml"/>
        <file crc="2277138073" name="modules/locale/org-openide-nodes_ja.jar"/>
        <file crc="1132962419" name="modules/locale/org-openide-nodes_pt_BR.jar"/>
        <file crc="830783072" name="modules/locale/org-openide-nodes_ru.jar"/>
        <file crc="340787614" name="modules/locale/org-openide-nodes_zh_CN.jar"/>
        <file crc="3589493672" name="modules/org-openide-nodes.jar"/>
    </module_version>
</module>
