<?xml version="1.0" encoding="UTF-8"?><module codename="org.netbeans.libs.jna.platform/1">
    <module_version install_time="1473840516080" last="true" origin="installer" specification_version="1.14.1">
        <file crc="2225677004" name="config/Modules/org-netbeans-libs-jna-platform.xml"/>
        <file crc="2551312282" name="modules/ext/jna-platform-4.2.2.jar"/>
        <file crc="3213424695" name="modules/locale/org-netbeans-libs-jna-platform_ja.jar"/>
        <file crc="1634568719" name="modules/locale/org-netbeans-libs-jna-platform_pt_BR.jar"/>
        <file crc="3294860110" name="modules/locale/org-netbeans-libs-jna-platform_ru.jar"/>
        <file crc="4041866994" name="modules/locale/org-netbeans-libs-jna-platform_zh_CN.jar"/>
        <file crc="279866880" name="modules/org-netbeans-libs-jna-platform.jar"/>
    </module_version>
</module>
