<?xml version="1.0" encoding="UTF-8"?><module codename="org.netbeans.core.io.ui/1">
    <module_version install_time="1473840511499" last="true" origin="installer" specification_version="1.30.1">
        <file crc="937424920" name="config/Modules/org-netbeans-core-io-ui.xml"/>
        <file crc="470432047" name="modules/locale/org-netbeans-core-io-ui_ja.jar"/>
        <file crc="4178262690" name="modules/locale/org-netbeans-core-io-ui_pt_BR.jar"/>
        <file crc="1016626543" name="modules/locale/org-netbeans-core-io-ui_ru.jar"/>
        <file crc="3664275417" name="modules/locale/org-netbeans-core-io-ui_zh_CN.jar"/>
        <file crc="3477512068" name="modules/org-netbeans-core-io-ui.jar"/>
    </module_version>
</module>
