<?xml version="1.0" encoding="UTF-8"?><module codename="org.netbeans.api.progress.compat8">
    <module_version install_time="1473840490923" last="true" origin="installer" specification_version="1.47.1">
        <file crc="512444818" name="config/Modules/org-netbeans-api-progress-compat8.xml"/>
        <file crc="3196852424" name="modules/locale/org-netbeans-api-progress-compat8_ja.jar"/>
        <file crc="285721680" name="modules/locale/org-netbeans-api-progress-compat8_pt_BR.jar"/>
        <file crc="2459758646" name="modules/locale/org-netbeans-api-progress-compat8_ru.jar"/>
        <file crc="1982883076" name="modules/locale/org-netbeans-api-progress-compat8_zh_CN.jar"/>
        <file crc="3085083701" name="modules/org-netbeans-api-progress-compat8.jar"/>
    </module_version>
</module>
