<?xml version="1.0" encoding="UTF-8"?><module codename="org.netbeans.core/2">
    <module_version install_time="1473840507692" last="true" origin="installer" specification_version="3.51.1">
        <file crc="1234898518" name="config/ModuleAutoDeps/org-netbeans-core.xml"/>
        <file crc="2943625018" name="config/Modules/org-netbeans-core.xml"/>
        <file crc="566146394" name="modules/locale/org-netbeans-core_ja.jar"/>
        <file crc="3594066822" name="modules/locale/org-netbeans-core_pt_BR.jar"/>
        <file crc="3670529829" name="modules/locale/org-netbeans-core_ru.jar"/>
        <file crc="3756746835" name="modules/locale/org-netbeans-core_zh_CN.jar"/>
        <file crc="4242623195" name="modules/org-netbeans-core.jar"/>
    </module_version>
</module>
