<?xml version="1.0" encoding="UTF-8"?><module codename="org.netbeans.libs.testng/1">
    <module_version install_time="1473840523422" last="true" origin="installer" specification_version="1.14.1">
        <file crc="1204579547" name="config/Modules/org-netbeans-libs-testng.xml"/>
        <file crc="1056733017" name="docs/testng-6.8.1-javadoc.zip"/>
        <file crc="10064524" name="modules/ext/testng-6.8.1-dist.jar"/>
        <file crc="2246415162" name="modules/locale/org-netbeans-libs-testng_ja.jar"/>
        <file crc="3538644654" name="modules/locale/org-netbeans-libs-testng_pt_BR.jar"/>
        <file crc="3788081158" name="modules/locale/org-netbeans-libs-testng_ru.jar"/>
        <file crc="548378728" name="modules/locale/org-netbeans-libs-testng_zh_CN.jar"/>
        <file crc="1273955122" name="modules/org-netbeans-libs-testng.jar"/>
    </module_version>
</module>
