<?xml version="1.0" encoding="UTF-8"?><module codename="org.netbeans.modules.sendopts/2">
    <module_version install_time="1473840505308" last="true" origin="installer" specification_version="2.35.1">
        <file crc="3090052921" name="config/Modules/org-netbeans-modules-sendopts.xml"/>
        <file crc="1742436237" name="modules/locale/org-netbeans-modules-sendopts_ja.jar"/>
        <file crc="2464919612" name="modules/locale/org-netbeans-modules-sendopts_pt_BR.jar"/>
        <file crc="1006764957" name="modules/locale/org-netbeans-modules-sendopts_ru.jar"/>
        <file crc="2840761016" name="modules/locale/org-netbeans-modules-sendopts_zh_CN.jar"/>
        <file crc="1576880537" name="modules/org-netbeans-modules-sendopts.jar"/>
    </module_version>
</module>
