<?xml version="1.0" encoding="UTF-8"?><module codename="org.netbeans.swing.tabcontrol">
    <module_version install_time="1473840493070" last="true" origin="installer" specification_version="1.56.1">
        <file crc="327432460" name="config/Modules/org-netbeans-swing-tabcontrol.xml"/>
        <file crc="4116316724" name="modules/locale/org-netbeans-swing-tabcontrol_ja.jar"/>
        <file crc="396524866" name="modules/locale/org-netbeans-swing-tabcontrol_pt_BR.jar"/>
        <file crc="2926623717" name="modules/locale/org-netbeans-swing-tabcontrol_ru.jar"/>
        <file crc="130929819" name="modules/locale/org-netbeans-swing-tabcontrol_zh_CN.jar"/>
        <file crc="2483245429" name="modules/org-netbeans-swing-tabcontrol.jar"/>
    </module_version>
</module>
