<?xml version="1.0" encoding="UTF-8"?><module codename="org.netbeans.core.startup/1">
    <module_version install_time="1473840481547" last="true" origin="installer" specification_version="1.62.1.1">
        <file crc="1587981288" name="config/ModuleAutoDeps/org-netbeans-core-startup.xml"/>
        <file crc="1669375814" name="core/core.jar"/>
        <file crc="561869799" name="core/locale/core_ja.jar"/>
        <file crc="41452371" name="core/locale/core_pt_BR.jar"/>
        <file crc="4015716267" name="core/locale/core_ru.jar"/>
        <file crc="39066830" name="core/locale/core_zh_CN.jar"/>
    </module_version>
</module>
