<?xml version="1.0" encoding="UTF-8"?><module codename="org.netbeans.modules.masterfs.nio2">
    <module_version install_time="1473840524593" last="true" origin="installer" specification_version="1.15.1">
        <file crc="1000323626" name="config/Modules/org-netbeans-modules-masterfs-nio2.xml"/>
        <file crc="2797971655" name="modules/locale/org-netbeans-modules-masterfs-nio2_ja.jar"/>
        <file crc="1440921304" name="modules/locale/org-netbeans-modules-masterfs-nio2_pt_BR.jar"/>
        <file crc="3414561969" name="modules/locale/org-netbeans-modules-masterfs-nio2_ru.jar"/>
        <file crc="3098259373" name="modules/locale/org-netbeans-modules-masterfs-nio2_zh_CN.jar"/>
        <file crc="1139192048" name="modules/org-netbeans-modules-masterfs-nio2.jar"/>
    </module_version>
</module>
