<?xml version="1.0" encoding="UTF-8"?><module codename="org.netbeans.modules.sampler">
    <module_version install_time="1473840506207" last="true" origin="installer" specification_version="1.14.1">
        <file crc="3630527653" name="config/Modules/org-netbeans-modules-sampler.xml"/>
        <file crc="168407407" name="modules/locale/org-netbeans-modules-sampler_ja.jar"/>
        <file crc="2541271259" name="modules/locale/org-netbeans-modules-sampler_pt_BR.jar"/>
        <file crc="2139510317" name="modules/locale/org-netbeans-modules-sampler_ru.jar"/>
        <file crc="4138513996" name="modules/locale/org-netbeans-modules-sampler_zh_CN.jar"/>
        <file crc="695472688" name="modules/org-netbeans-modules-sampler.jar"/>
    </module_version>
</module>
