<?xml version="1.0" encoding="UTF-8"?><module codename="org.netbeans.lib.uihandler">
    <module_version install_time="1473840523091" last="true" origin="installer" specification_version="1.45.1">
        <file crc="4049691764" name="config/Modules/org-netbeans-lib-uihandler.xml"/>
        <file crc="971562356" name="modules/locale/org-netbeans-lib-uihandler_ja.jar"/>
        <file crc="1593218203" name="modules/locale/org-netbeans-lib-uihandler_pt_BR.jar"/>
        <file crc="3010983220" name="modules/locale/org-netbeans-lib-uihandler_ru.jar"/>
        <file crc="3583986834" name="modules/locale/org-netbeans-lib-uihandler_zh_CN.jar"/>
        <file crc="2918849356" name="modules/org-netbeans-lib-uihandler.jar"/>
    </module_version>
</module>
