<?xml version="1.0" encoding="UTF-8"?><module codename="org.netbeans.core.netigso">
    <module_version install_time="1473840517903" last="true" origin="installer" specification_version="1.31.1">
        <file crc="3723901005" name="config/Modules/org-netbeans-core-netigso.xml"/>
        <file crc="1915066312" name="modules/locale/org-netbeans-core-netigso_ja.jar"/>
        <file crc="464034508" name="modules/locale/org-netbeans-core-netigso_pt_BR.jar"/>
        <file crc="4098469124" name="modules/locale/org-netbeans-core-netigso_ru.jar"/>
        <file crc="3682384504" name="modules/locale/org-netbeans-core-netigso_zh_CN.jar"/>
        <file crc="3426100151" name="modules/org-netbeans-core-netigso.jar"/>
    </module_version>
</module>
