<?xml version="1.0" encoding="UTF-8"?><module codename="org.netbeans.core.multiview/1">
    <module_version install_time="1473840515772" last="true" origin="installer" specification_version="1.44.1">
        <file crc="3216778929" name="config/Modules/org-netbeans-core-multiview.xml"/>
        <file crc="341071545" name="modules/locale/org-netbeans-core-multiview_ja.jar"/>
        <file crc="289170535" name="modules/locale/org-netbeans-core-multiview_pt_BR.jar"/>
        <file crc="1446086135" name="modules/locale/org-netbeans-core-multiview_ru.jar"/>
        <file crc="1493324457" name="modules/locale/org-netbeans-core-multiview_zh_CN.jar"/>
        <file crc="2805855338" name="modules/org-netbeans-core-multiview.jar"/>
    </module_version>
</module>
