<?xml version="1.0" encoding="UTF-8"?><module codename="org.openide.awt">
    <module_version install_time="1473840484085" last="true" origin="installer" specification_version="7.67.1">
        <file crc="3208246121" name="config/Modules/org-openide-awt.xml"/>
        <file crc="758507643" name="modules/locale/org-openide-awt_ja.jar"/>
        <file crc="3639933890" name="modules/locale/org-openide-awt_pt_BR.jar"/>
        <file crc="1207147187" name="modules/locale/org-openide-awt_ru.jar"/>
        <file crc="3608627342" name="modules/locale/org-openide-awt_zh_CN.jar"/>
        <file crc="1900417941" name="modules/org-openide-awt.jar"/>
    </module_version>
</module>
