<?xml version="1.0" encoding="UTF-8"?><module codename="org.netbeans.core.nativeaccess/1">
    <module_version install_time="1473840516678" last="true" origin="installer" specification_version="1.31.1">
        <file crc="1370516056" name="config/Modules/org-netbeans-core-nativeaccess.xml"/>
        <file crc="3530453193" name="modules/locale/org-netbeans-core-nativeaccess_ja.jar"/>
        <file crc="3650112742" name="modules/locale/org-netbeans-core-nativeaccess_pt_BR.jar"/>
        <file crc="1108701534" name="modules/locale/org-netbeans-core-nativeaccess_ru.jar"/>
        <file crc="1912234710" name="modules/locale/org-netbeans-core-nativeaccess_zh_CN.jar"/>
        <file crc="66853317" name="modules/org-netbeans-core-nativeaccess.jar"/>
    </module_version>
</module>
