<?xml version="1.0" encoding="UTF-8"?><module codename="org.netbeans.modules.editor.mimelookup/1">
    <module_version install_time="1473840495687" last="true" origin="installer" specification_version="1.40.1">
        <file crc="244035803" name="config/Modules/org-netbeans-modules-editor-mimelookup.xml"/>
        <file crc="2568545120" name="modules/locale/org-netbeans-modules-editor-mimelookup_ja.jar"/>
        <file crc="1982621692" name="modules/locale/org-netbeans-modules-editor-mimelookup_pt_BR.jar"/>
        <file crc="3716324857" name="modules/locale/org-netbeans-modules-editor-mimelookup_ru.jar"/>
        <file crc="2270730726" name="modules/locale/org-netbeans-modules-editor-mimelookup_zh_CN.jar"/>
        <file crc="3922551518" name="modules/org-netbeans-modules-editor-mimelookup.jar"/>
    </module_version>
</module>
