<?xml version="1.0" encoding="UTF-8"?><module codename="org.openide.loaders">
    <module_version install_time="1473840500407" last="true" origin="installer" specification_version="7.66.1">
        <file crc="1642338946" name="config/ModuleAutoDeps/org-openide-loaders.xml"/>
        <file crc="3241200" name="config/Modules/org-openide-loaders.xml"/>
        <file crc="3848238643" name="modules/locale/org-openide-loaders_ja.jar"/>
        <file crc="3143765685" name="modules/locale/org-openide-loaders_pt_BR.jar"/>
        <file crc="4149294837" name="modules/locale/org-openide-loaders_ru.jar"/>
        <file crc="1195315637" name="modules/locale/org-openide-loaders_zh_CN.jar"/>
        <file crc="712815897" name="modules/org-openide-loaders.jar"/>
    </module_version>
</module>
