<?xml version="1.0" encoding="UTF-8"?><module codename="org.netbeans.modules.favorites/1">
    <module_version install_time="1473840521604" last="true" origin="installer" specification_version="1.46.1">
        <file crc="1394443980" name="config/Modules/org-netbeans-modules-favorites.xml"/>
        <file crc="3343580932" name="modules/locale/org-netbeans-modules-favorites_ja.jar"/>
        <file crc="782072295" name="modules/locale/org-netbeans-modules-favorites_pt_BR.jar"/>
        <file crc="4124647503" name="modules/locale/org-netbeans-modules-favorites_ru.jar"/>
        <file crc="3229889437" name="modules/locale/org-netbeans-modules-favorites_zh_CN.jar"/>
        <file crc="1816400260" name="modules/org-netbeans-modules-favorites.jar"/>
    </module_version>
</module>
