<?xml version="1.0" encoding="UTF-8"?><module codename="org.netbeans.modules.progress.ui">
    <module_version install_time="1473840527497" last="true" origin="installer" specification_version="1.33.1">
        <file crc="3222128542" name="config/Modules/org-netbeans-modules-progress-ui.xml"/>
        <file crc="3827583464" name="modules/locale/org-netbeans-modules-progress-ui_ja.jar"/>
        <file crc="3426119359" name="modules/locale/org-netbeans-modules-progress-ui_pt_BR.jar"/>
        <file crc="2585314718" name="modules/locale/org-netbeans-modules-progress-ui_ru.jar"/>
        <file crc="1159684499" name="modules/locale/org-netbeans-modules-progress-ui_zh_CN.jar"/>
        <file crc="1072128522" name="modules/org-netbeans-modules-progress-ui.jar"/>
    </module_version>
</module>
