<?xml version="1.0" encoding="UTF-8"?><module codename="org.netbeans.core.multitabs/1">
    <module_version install_time="1473840515152" last="true" origin="installer" specification_version="1.12.1.1">
        <file crc="3018881510" name="config/Modules/org-netbeans-core-multitabs.xml"/>
        <file crc="1124190193" name="modules/locale/org-netbeans-core-multitabs_ja.jar"/>
        <file crc="2140305423" name="modules/locale/org-netbeans-core-multitabs_pt_BR.jar"/>
        <file crc="2032342324" name="modules/locale/org-netbeans-core-multitabs_ru.jar"/>
        <file crc="233609753" name="modules/locale/org-netbeans-core-multitabs_zh_CN.jar"/>
        <file crc="3079511323" name="modules/org-netbeans-core-multitabs.jar"/>
    </module_version>
</module>
