<?xml version="1.0" encoding="UTF-8"?><module codename="org.netbeans.api.intent">
    <module_version install_time="1473840490430" last="true" origin="installer" specification_version="1.2.1">
        <file crc="406711867" name="config/Modules/org-netbeans-api-intent.xml"/>
        <file crc="3582185756" name="modules/locale/org-netbeans-api-intent_ja.jar"/>
        <file crc="1234456701" name="modules/locale/org-netbeans-api-intent_pt_BR.jar"/>
        <file crc="3268341444" name="modules/locale/org-netbeans-api-intent_ru.jar"/>
        <file crc="3368288245" name="modules/locale/org-netbeans-api-intent_zh_CN.jar"/>
        <file crc="2342174933" name="modules/org-netbeans-api-intent.jar"/>
    </module_version>
</module>
