<?xml version="1.0" encoding="UTF-8"?><module codename="org.netbeans.libs.junit4">
    <module_version install_time="1473840523323" last="true" origin="installer" specification_version="1.17.1">
        <file crc="3256237618" name="config/Modules/org-netbeans-libs-junit4.xml"/>
        <file crc="1561210629" name="modules/ext/hamcrest-core-1.3.jar"/>
        <file crc="158596329" name="modules/ext/junit-4.12.jar"/>
        <file crc="222528222" name="modules/locale/org-netbeans-libs-junit4_ja.jar"/>
        <file crc="1804901735" name="modules/locale/org-netbeans-libs-junit4_pt_BR.jar"/>
        <file crc="2628853537" name="modules/locale/org-netbeans-libs-junit4_ru.jar"/>
        <file crc="551066897" name="modules/locale/org-netbeans-libs-junit4_zh_CN.jar"/>
        <file crc="2850587392" name="modules/org-netbeans-libs-junit4.jar"/>
    </module_version>
</module>
