<?xml version="1.0" encoding="UTF-8"?><module codename="org.netbeans.libs.asm">
    <module_version install_time="1473840479705" last="true" origin="installer" specification_version="5.3.1">
        <file crc="1416068039" name="core/asm-all-5.0.1.jar"/>
        <file crc="64552277" name="core/locale/org-netbeans-libs-asm_ja.jar"/>
        <file crc="3096246668" name="core/locale/org-netbeans-libs-asm_pt_BR.jar"/>
        <file crc="1998490107" name="core/locale/org-netbeans-libs-asm_ru.jar"/>
        <file crc="1086537322" name="core/locale/org-netbeans-libs-asm_zh_CN.jar"/>
        <file crc="2263891755" name="core/org-netbeans-libs-asm.jar"/>
    </module_version>
</module>
