<?xml version="1.0" encoding="UTF-8"?><module codename="org.netbeans.api.io">
    <module_version install_time="1473840490761" last="true" origin="installer" specification_version="1.3.1">
        <file crc="2603497839" name="config/Modules/org-netbeans-api-io.xml"/>
        <file crc="1970654689" name="modules/locale/org-netbeans-api-io_ja.jar"/>
        <file crc="2809558849" name="modules/locale/org-netbeans-api-io_pt_BR.jar"/>
        <file crc="1293979225" name="modules/locale/org-netbeans-api-io_ru.jar"/>
        <file crc="275455275" name="modules/locale/org-netbeans-api-io_zh_CN.jar"/>
        <file crc="335943426" name="modules/org-netbeans-api-io.jar"/>
    </module_version>
</module>
