<?xml version="1.0" encoding="UTF-8"?><module codename="org.openide.execution.compat8">
    <module_version install_time="1473840526079" last="true" origin="installer" specification_version="9.2.1">
        <file crc="2906034987" name="config/Modules/org-openide-execution-compat8.xml"/>
        <file crc="3620785852" name="modules/locale/org-openide-execution-compat8_ja.jar"/>
        <file crc="3202892356" name="modules/locale/org-openide-execution-compat8_pt_BR.jar"/>
        <file crc="1565672032" name="modules/locale/org-openide-execution-compat8_ru.jar"/>
        <file crc="2303142229" name="modules/locale/org-openide-execution-compat8_zh_CN.jar"/>
        <file crc="1175065472" name="modules/org-openide-execution-compat8.jar"/>
    </module_version>
</module>
