<?xml version="1.0" encoding="UTF-8"?><module codename="org.netbeans.modules.keyring.impl">
    <module_version install_time="1473840522785" last="true" origin="installer" specification_version="1.24.1">
        <file crc="729697579" name="config/Modules/org-netbeans-modules-keyring-impl.xml"/>
        <file crc="4137535835" name="modules/locale/org-netbeans-modules-keyring-impl_ja.jar"/>
        <file crc="1554846550" name="modules/locale/org-netbeans-modules-keyring-impl_pt_BR.jar"/>
        <file crc="1558761769" name="modules/locale/org-netbeans-modules-keyring-impl_ru.jar"/>
        <file crc="730482874" name="modules/locale/org-netbeans-modules-keyring-impl_zh_CN.jar"/>
        <file crc="843376584" name="modules/org-netbeans-modules-keyring-impl.jar"/>
    </module_version>
</module>
