<?xml version="1.0" encoding="UTF-8"?><module codename="org.netbeans.modules.print">
    <module_version install_time="1473840527088" last="true" origin="installer" specification_version="7.26.1">
        <file crc="4146358971" name="config/Modules/org-netbeans-modules-print.xml"/>
        <file crc="2475652787" name="modules/locale/org-netbeans-modules-print_ja.jar"/>
        <file crc="3637289404" name="modules/locale/org-netbeans-modules-print_pt_BR.jar"/>
        <file crc="2285869510" name="modules/locale/org-netbeans-modules-print_ru.jar"/>
        <file crc="2655709856" name="modules/locale/org-netbeans-modules-print_zh_CN.jar"/>
        <file crc="231484392" name="modules/org-netbeans-modules-print.jar"/>
    </module_version>
</module>
