<?xml version="1.0" encoding="UTF-8"?><module codename="org.netbeans.bootstrap/1">
    <module_version install_time="1473840477988" last="true" origin="installer" specification_version="2.76.1">
        <file crc="1396295906" name="lib/boot.jar"/>
        <file crc="4231709846" name="lib/locale/boot_ja.jar"/>
        <file crc="962554791" name="lib/locale/boot_pt_BR.jar"/>
        <file crc="723311258" name="lib/locale/boot_ru.jar"/>
        <file crc="2268600192" name="lib/locale/boot_zh_CN.jar"/>
        <file crc="3249967789" name="lib/nbexec"/>
        <file crc="3625622304" name="lib/nbexec.dll"/>
        <file crc="781033326" name="lib/nbexec.exe"/>
        <file crc="4096302388" name="lib/nbexec64.dll"/>
        <file crc="1197441565" name="lib/nbexec64.exe"/>
    </module_version>
</module>
