<?xml version="1.0" encoding="UTF-8"?><module codename="org.netbeans.libs.felix">
    <module_version install_time="1473840523168" last="true" origin="installer" specification_version="2.15.1">
        <file crc="1327048437" name="config/Modules/org-netbeans-libs-felix.xml"/>
        <file crc="2638952453" name="modules/ext/felix-4.2.1.jar"/>
        <file crc="2374240155" name="modules/locale/org-netbeans-libs-felix_ja.jar"/>
        <file crc="944137268" name="modules/locale/org-netbeans-libs-felix_pt_BR.jar"/>
        <file crc="1502995812" name="modules/locale/org-netbeans-libs-felix_ru.jar"/>
        <file crc="3748262125" name="modules/locale/org-netbeans-libs-felix_zh_CN.jar"/>
        <file crc="2414488361" name="modules/org-netbeans-libs-felix.jar"/>
    </module_version>
</module>
