<?xml version="1.0" encoding="UTF-8"?><module codename="org.netbeans.modules.settings/1">
    <module_version install_time="1473840512183" last="true" origin="installer" specification_version="1.49.1">
        <file crc="554047262" name="config/Modules/org-netbeans-modules-settings.xml"/>
        <file crc="3574408138" name="modules/locale/org-netbeans-modules-settings_ja.jar"/>
        <file crc="928079239" name="modules/locale/org-netbeans-modules-settings_pt_BR.jar"/>
        <file crc="2019594425" name="modules/locale/org-netbeans-modules-settings_ru.jar"/>
        <file crc="3006443747" name="modules/locale/org-netbeans-modules-settings_zh_CN.jar"/>
        <file crc="3367929765" name="modules/org-netbeans-modules-settings.jar"/>
    </module_version>
</module>
