<?xml version="1.0" encoding="UTF-8"?><module codename="org.netbeans.api.annotations.common/1">
    <module_version install_time="1473840482375" last="true" origin="installer" specification_version="1.27.1">
        <file crc="1285559856" name="config/Modules/org-netbeans-api-annotations-common.xml"/>
        <file crc="2590702997" name="modules/locale/org-netbeans-api-annotations-common_ja.jar"/>
        <file crc="1980782190" name="modules/locale/org-netbeans-api-annotations-common_pt_BR.jar"/>
        <file crc="3672199101" name="modules/locale/org-netbeans-api-annotations-common_ru.jar"/>
        <file crc="1707071466" name="modules/locale/org-netbeans-api-annotations-common_zh_CN.jar"/>
        <file crc="1509282054" name="modules/org-netbeans-api-annotations-common.jar"/>
    </module_version>
</module>
