<?xml version="1.0" encoding="UTF-8"?><module codename="org.netbeans.modules.masterfs.windows">
    <module_version install_time="1473840524986" last="true" origin="installer" specification_version="1.16.1">
        <file crc="2941073432" name="config/Modules/org-netbeans-modules-masterfs-windows.xml"/>
        <file crc="3044500502" name="modules/locale/org-netbeans-modules-masterfs-windows_ja.jar"/>
        <file crc="3235774762" name="modules/locale/org-netbeans-modules-masterfs-windows_pt_BR.jar"/>
        <file crc="1597974291" name="modules/locale/org-netbeans-modules-masterfs-windows_ru.jar"/>
        <file crc="1559205028" name="modules/locale/org-netbeans-modules-masterfs-windows_zh_CN.jar"/>
        <file crc="4028538338" name="modules/org-netbeans-modules-masterfs-windows.jar"/>
    </module_version>
</module>
