<?xml version="1.0" encoding="UTF-8"?><module codename="org.openide.windows">
    <module_version install_time="1473840487954" last="true" origin="installer" specification_version="6.75.1">
        <file crc="3877728110" name="config/Modules/org-openide-windows.xml"/>
        <file crc="3833328836" name="modules/locale/org-openide-windows_ja.jar"/>
        <file crc="1627284393" name="modules/locale/org-openide-windows_pt_BR.jar"/>
        <file crc="1576173532" name="modules/locale/org-openide-windows_ru.jar"/>
        <file crc="437258546" name="modules/locale/org-openide-windows_zh_CN.jar"/>
        <file crc="1703654819" name="modules/org-openide-windows.jar"/>
    </module_version>
</module>
