<?xml version="1.0" encoding="UTF-8"?><module codename="org.netbeans.modules.netbinox">
    <module_version install_time="1473840525437" last="true" origin="installer" specification_version="1.41.1">
        <file crc="3482404302" name="config/Modules/org-netbeans-modules-netbinox.xml"/>
        <file crc="2057754031" name="modules/ext/org.eclipse.osgi_3.9.1.v20140110-1610.jar"/>
        <file crc="1596040910" name="modules/locale/org-netbeans-modules-netbinox_ja.jar"/>
        <file crc="2029502005" name="modules/locale/org-netbeans-modules-netbinox_pt_BR.jar"/>
        <file crc="3996851507" name="modules/locale/org-netbeans-modules-netbinox_ru.jar"/>
        <file crc="358806858" name="modules/locale/org-netbeans-modules-netbinox_zh_CN.jar"/>
        <file crc="1405757799" name="modules/org-netbeans-modules-netbinox.jar"/>
    </module_version>
</module>
