<?xml version="1.0" encoding="UTF-8"?><module codename="org.netbeans.modules.masterfs.linux">
    <module_version install_time="1473840524272" last="true" origin="installer" specification_version="1.13.1">
        <file crc="367044464" name="config/Modules/org-netbeans-modules-masterfs-linux.xml"/>
        <file crc="1708242026" name="modules/locale/org-netbeans-modules-masterfs-linux_ja.jar"/>
        <file crc="2342319045" name="modules/locale/org-netbeans-modules-masterfs-linux_pt_BR.jar"/>
        <file crc="327932265" name="modules/locale/org-netbeans-modules-masterfs-linux_ru.jar"/>
        <file crc="789463688" name="modules/locale/org-netbeans-modules-masterfs-linux_zh_CN.jar"/>
        <file crc="506287660" name="modules/org-netbeans-modules-masterfs-linux.jar"/>
    </module_version>
</module>
