<?xml version="1.0" encoding="UTF-8"?><module codename="org.netbeans.modules.keyring">
    <module_version install_time="1473840505849" last="true" origin="installer" specification_version="1.24.1">
        <file crc="3581559990" name="config/Modules/org-netbeans-modules-keyring.xml"/>
        <file crc="467781498" name="modules/locale/org-netbeans-modules-keyring_ja.jar"/>
        <file crc="1787496769" name="modules/locale/org-netbeans-modules-keyring_pt_BR.jar"/>
        <file crc="3515680867" name="modules/locale/org-netbeans-modules-keyring_ru.jar"/>
        <file crc="1026365783" name="modules/locale/org-netbeans-modules-keyring_zh_CN.jar"/>
        <file crc="29282347" name="modules/org-netbeans-modules-keyring.jar"/>
    </module_version>
</module>
