<?xml version="1.0" encoding="UTF-8"?><module codename="org.openide.modules">
    <module_version install_time="1473840476452" last="true" origin="installer" specification_version="7.48.1">
        <file crc="1391508081" name="config/ModuleAutoDeps/org-openide-modules.xml"/>
        <file crc="555899693" name="lib/locale/org-openide-modules_ja.jar"/>
        <file crc="4044957882" name="lib/locale/org-openide-modules_pt_BR.jar"/>
        <file crc="3208630155" name="lib/locale/org-openide-modules_ru.jar"/>
        <file crc="1821452702" name="lib/locale/org-openide-modules_zh_CN.jar"/>
        <file crc="3923419582" name="lib/org-openide-modules.jar"/>
    </module_version>
</module>
