<?xml version="1.0" encoding="UTF-8"?><module codename="org.openide.io">
    <module_version install_time="1473840498174" last="true" origin="installer" specification_version="1.49.1">
        <file crc="3834804485" name="config/Modules/org-openide-io.xml"/>
        <file crc="2575040881" name="modules/locale/org-openide-io_ja.jar"/>
        <file crc="3939027329" name="modules/locale/org-openide-io_pt_BR.jar"/>
        <file crc="536902276" name="modules/locale/org-openide-io_ru.jar"/>
        <file crc="3599779982" name="modules/locale/org-openide-io_zh_CN.jar"/>
        <file crc="3817505113" name="modules/org-openide-io.jar"/>
    </module_version>
</module>
