<?xml version="1.0" encoding="UTF-8"?><module codename="org.netbeans.core.osgi">
    <module_version install_time="1473840518689" last="true" origin="installer" specification_version="1.22.1">
        <file crc="4106410406" name="config/Modules/org-netbeans-core-osgi.xml"/>
        <file crc="926924515" name="modules/locale/org-netbeans-core-osgi_ja.jar"/>
        <file crc="3491251264" name="modules/locale/org-netbeans-core-osgi_pt_BR.jar"/>
        <file crc="551146684" name="modules/locale/org-netbeans-core-osgi_ru.jar"/>
        <file crc="3724173172" name="modules/locale/org-netbeans-core-osgi_zh_CN.jar"/>
        <file crc="3195315616" name="modules/org-netbeans-core-osgi.jar"/>
    </module_version>
</module>
