<?xml version="1.0" encoding="UTF-8"?><module codename="org.netbeans.swing.plaf">
    <module_version install_time="1473840506583" last="true" origin="installer" specification_version="1.41.1">
        <file crc="4198966476" name="config/Modules/org-netbeans-swing-plaf.xml"/>
        <file crc="2598781337" name="modules/locale/org-netbeans-swing-plaf_ja.jar"/>
        <file crc="1138801139" name="modules/locale/org-netbeans-swing-plaf_pt_BR.jar"/>
        <file crc="3885052242" name="modules/locale/org-netbeans-swing-plaf_ru.jar"/>
        <file crc="3938564349" name="modules/locale/org-netbeans-swing-plaf_zh_CN.jar"/>
        <file crc="4085080464" name="modules/org-netbeans-swing-plaf.jar"/>
    </module_version>
</module>
