<?xml version="1.0" encoding="UTF-8"?><module codename="org.netbeans.core.ui/1">
    <module_version install_time="1473840520981" last="true" origin="installer" specification_version="1.45.1">
        <file crc="3186674130" name="config/Modules/org-netbeans-core-ui.xml"/>
        <file crc="556597781" name="modules/locale/org-netbeans-core-ui_ja.jar"/>
        <file crc="3763711979" name="modules/locale/org-netbeans-core-ui_pt_BR.jar"/>
        <file crc="1813836778" name="modules/locale/org-netbeans-core-ui_ru.jar"/>
        <file crc="2119313674" name="modules/locale/org-netbeans-core-ui_zh_CN.jar"/>
        <file crc="299241663" name="modules/org-netbeans-core-ui.jar"/>
    </module_version>
</module>
