<?xml version="1.0" encoding="UTF-8"?><module codename="org.netbeans.modules.masterfs/2">
    <module_version install_time="1473840524108" last="true" origin="installer" specification_version="2.55.1.2">
        <file crc="4226367763" name="config/ModuleAutoDeps/org-netbeans-modules-masterfs.xml"/>
        <file crc="1644917168" name="config/Modules/org-netbeans-modules-masterfs.xml"/>
        <file crc="60235179" name="modules/locale/org-netbeans-modules-masterfs_ja.jar"/>
        <file crc="2418075989" name="modules/locale/org-netbeans-modules-masterfs_pt_BR.jar"/>
        <file crc="2599146592" name="modules/locale/org-netbeans-modules-masterfs_ru.jar"/>
        <file crc="3444639075" name="modules/locale/org-netbeans-modules-masterfs_zh_CN.jar"/>
        <file crc="3758799131" name="modules/org-netbeans-modules-masterfs.jar"/>
    </module_version>
</module>
