<?xml version="1.0" encoding="UTF-8"?><module codename="org.netbeans.spi.quicksearch">
    <module_version install_time="1473840508172" last="true" origin="installer" specification_version="1.27.1">
        <file crc="2420451830" name="config/Modules/org-netbeans-spi-quicksearch.xml"/>
        <file crc="330229195" name="modules/locale/org-netbeans-spi-quicksearch_ja.jar"/>
        <file crc="3143991438" name="modules/locale/org-netbeans-spi-quicksearch_pt_BR.jar"/>
        <file crc="3350383684" name="modules/locale/org-netbeans-spi-quicksearch_ru.jar"/>
        <file crc="1701955505" name="modules/locale/org-netbeans-spi-quicksearch_zh_CN.jar"/>
        <file crc="3695944269" name="modules/org-netbeans-spi-quicksearch.jar"/>
    </module_version>
</module>
