<?xml version="1.0" encoding="UTF-8"?><module codename="org.openide.text">
    <module_version install_time="1473840496541" last="true" origin="installer" specification_version="6.67.1">
        <file crc="2441864466" name="config/ModuleAutoDeps/org-openide-text.xml"/>
        <file crc="1795978028" name="config/Modules/org-openide-text.xml"/>
        <file crc="113831558" name="modules/locale/org-openide-text_ja.jar"/>
        <file crc="2585066174" name="modules/locale/org-openide-text_pt_BR.jar"/>
        <file crc="1159574140" name="modules/locale/org-openide-text_ru.jar"/>
        <file crc="1098497777" name="modules/locale/org-openide-text_zh_CN.jar"/>
        <file crc="3322417723" name="modules/org-openide-text.jar"/>
    </module_version>
</module>
