<?xml version="1.0" encoding="UTF-8"?><module codename="org.openide.util">
    <module_version install_time="1473840474912" last="true" origin="installer" specification_version="9.7.1">
        <file crc="3443873185" name="config/ModuleAutoDeps/org-openide-util.xml"/>
        <file crc="4114147595" name="lib/locale/org-openide-util_ja.jar"/>
        <file crc="1673664517" name="lib/locale/org-openide-util_pt_BR.jar"/>
        <file crc="723852648" name="lib/locale/org-openide-util_ru.jar"/>
        <file crc="935305036" name="lib/locale/org-openide-util_zh_CN.jar"/>
        <file crc="1816822156" name="lib/org-openide-util.jar"/>
    </module_version>
</module>
