<?xml version="1.0" encoding="UTF-8"?><module codename="org.netbeans.api.progress.nb">
    <module_version install_time="1473840485867" last="true" origin="installer" specification_version="1.47.1">
        <file crc="2568902117" name="config/Modules/org-netbeans-api-progress-nb.xml"/>
        <file crc="3304231671" name="modules/locale/org-netbeans-api-progress-nb_ja.jar"/>
        <file crc="575180131" name="modules/locale/org-netbeans-api-progress-nb_pt_BR.jar"/>
        <file crc="663305646" name="modules/locale/org-netbeans-api-progress-nb_ru.jar"/>
        <file crc="1277131847" name="modules/locale/org-netbeans-api-progress-nb_zh_CN.jar"/>
        <file crc="544501344" name="modules/org-netbeans-api-progress-nb.jar"/>
    </module_version>
</module>
