<?xml version="1.0" encoding="UTF-8"?><module codename="org.netbeans.swing.outline">
    <module_version install_time="1473840491833" last="true" origin="installer" specification_version="1.34.1">
        <file crc="3679534386" name="config/Modules/org-netbeans-swing-outline.xml"/>
        <file crc="3610336844" name="modules/locale/org-netbeans-swing-outline_ja.jar"/>
        <file crc="3790129392" name="modules/locale/org-netbeans-swing-outline_pt_BR.jar"/>
        <file crc="3500891488" name="modules/locale/org-netbeans-swing-outline_ru.jar"/>
        <file crc="31968143" name="modules/locale/org-netbeans-swing-outline_zh_CN.jar"/>
        <file crc="536658665" name="modules/org-netbeans-swing-outline.jar"/>
    </module_version>
</module>
