<?xml version="1.0" encoding="UTF-8"?><module codename="org.netbeans.modules.masterfs.ui">
    <module_version install_time="1473840524759" last="true" origin="installer" specification_version="2.3.1.2">
        <file crc="2385583820" name="config/Modules/org-netbeans-modules-masterfs-ui.xml"/>
        <file crc="647742814" name="modules/locale/org-netbeans-modules-masterfs-ui_ja.jar"/>
        <file crc="2362765818" name="modules/locale/org-netbeans-modules-masterfs-ui_pt_BR.jar"/>
        <file crc="527235667" name="modules/locale/org-netbeans-modules-masterfs-ui_ru.jar"/>
        <file crc="1636610012" name="modules/locale/org-netbeans-modules-masterfs-ui_zh_CN.jar"/>
        <file crc="2816516505" name="modules/org-netbeans-modules-masterfs-ui.jar"/>
    </module_version>
</module>
