<?xml version="1.0" encoding="UTF-8"?><module codename="org.netbeans.core.output2/1">
    <module_version install_time="1473840520225" last="true" origin="installer" specification_version="1.41.1">
        <file crc="1198063063" name="config/Modules/org-netbeans-core-output2.xml"/>
        <file crc="2503835640" name="modules/locale/org-netbeans-core-output2_ja.jar"/>
        <file crc="858844465" name="modules/locale/org-netbeans-core-output2_pt_BR.jar"/>
        <file crc="826484523" name="modules/locale/org-netbeans-core-output2_ru.jar"/>
        <file crc="1344311054" name="modules/locale/org-netbeans-core-output2_zh_CN.jar"/>
        <file crc="795573910" name="modules/org-netbeans-core-output2.jar"/>
    </module_version>
</module>
