<?xml version="1.0" encoding="UTF-8"?><module codename="org.openide.execution">
    <module_version install_time="1473840510692" last="true" origin="installer" specification_version="9.3.1">
        <file crc="706546870" name="config/ModuleAutoDeps/org-openide-execution.xml"/>
        <file crc="1899864534" name="config/Modules/org-openide-execution.xml"/>
        <file crc="3041334933" name="modules/locale/org-openide-execution_ja.jar"/>
        <file crc="62410094" name="modules/locale/org-openide-execution_pt_BR.jar"/>
        <file crc="3682994234" name="modules/locale/org-openide-execution_ru.jar"/>
        <file crc="3136098161" name="modules/locale/org-openide-execution_zh_CN.jar"/>
        <file crc="3882098474" name="modules/org-openide-execution.jar"/>
    </module_version>
</module>
