<?xml version="1.0" encoding="UTF-8"?><module codename="org.netbeans.core.execution/1">
    <module_version install_time="1473840511232" last="true" origin="installer" specification_version="1.41.1">
        <file crc="131205059" name="config/Modules/org-netbeans-core-execution.xml"/>
        <file crc="3769359935" name="modules/locale/org-netbeans-core-execution_ja.jar"/>
        <file crc="424012775" name="modules/locale/org-netbeans-core-execution_pt_BR.jar"/>
        <file crc="3209340890" name="modules/locale/org-netbeans-core-execution_ru.jar"/>
        <file crc="224819005" name="modules/locale/org-netbeans-core-execution_zh_CN.jar"/>
        <file crc="3995482054" name="modules/org-netbeans-core-execution.jar"/>
    </module_version>
</module>
