<?xml version="1.0" encoding="UTF-8"?><module codename="org.openide.dialogs">
    <module_version install_time="1473840486321" last="true" origin="installer" specification_version="7.42.1">
        <file crc="807629635" name="config/Modules/org-openide-dialogs.xml"/>
        <file crc="1460621787" name="modules/locale/org-openide-dialogs_ja.jar"/>
        <file crc="4162878602" name="modules/locale/org-openide-dialogs_pt_BR.jar"/>
        <file crc="2300778915" name="modules/locale/org-openide-dialogs_ru.jar"/>
        <file crc="742106247" name="modules/locale/org-openide-dialogs_zh_CN.jar"/>
        <file crc="739191220" name="modules/org-openide-dialogs.jar"/>
    </module_version>
</module>
