<?xml version="1.0" encoding="UTF-8"?><module codename="org.netbeans.modules.applemenu/1">
    <module_version install_time="1473840503731" last="true" origin="installer" specification_version="1.37.1">
        <file crc="2121659589" name="config/Modules/org-netbeans-modules-applemenu.xml"/>
        <file crc="4244101712" name="modules/locale/org-netbeans-modules-applemenu_ja.jar"/>
        <file crc="2735149964" name="modules/locale/org-netbeans-modules-applemenu_pt_BR.jar"/>
        <file crc="3869904511" name="modules/locale/org-netbeans-modules-applemenu_ru.jar"/>
        <file crc="4175016063" name="modules/locale/org-netbeans-modules-applemenu_zh_CN.jar"/>
        <file crc="2878597761" name="modules/org-netbeans-modules-applemenu.jar"/>
    </module_version>
</module>
