<?xml version="1.0" encoding="UTF-8"?><module codename="org.netbeans.modules.spi.actions/1">
    <module_version install_time="1473840527680" last="true" origin="installer" specification_version="1.28.1">
        <file crc="1336977091" name="config/Modules/org-netbeans-modules-spi-actions.xml"/>
        <file crc="510511852" name="modules/locale/org-netbeans-modules-spi-actions_ja.jar"/>
        <file crc="3997619249" name="modules/locale/org-netbeans-modules-spi-actions_pt_BR.jar"/>
        <file crc="561012868" name="modules/locale/org-netbeans-modules-spi-actions_ru.jar"/>
        <file crc="1631196565" name="modules/locale/org-netbeans-modules-spi-actions_zh_CN.jar"/>
        <file crc="2475115393" name="modules/org-netbeans-modules-spi-actions.jar"/>
    </module_version>
</module>
