<?xml version="1.0" encoding="UTF-8"?><module codename="org.netbeans.api.search">
    <module_version install_time="1473840502081" last="true" origin="installer" specification_version="1.21.1">
        <file crc="3710953649" name="config/Modules/org-netbeans-api-search.xml"/>
        <file crc="61016841" name="modules/locale/org-netbeans-api-search_ja.jar"/>
        <file crc="385500250" name="modules/locale/org-netbeans-api-search_pt_BR.jar"/>
        <file crc="2513962084" name="modules/locale/org-netbeans-api-search_ru.jar"/>
        <file crc="315525514" name="modules/locale/org-netbeans-api-search_zh_CN.jar"/>
        <file crc="2481693109" name="modules/org-netbeans-api-search.jar"/>
    </module_version>
</module>
